archived,author_name,brand_safe,contest_mode,clicked,created,created_utc,domain,downs,edited,gilded,hidden,hide_score,id,is_self,link_flair_text,locked,name,over_18,permalink,quarantine,saved,score,stickied,spoiler,subreddit_display_name,subreddit_id,subreddit_type,subreddit_name_prefixed,title,url,ups,visited
true,thenewrepublic,,false,false,1645744063,1645744063,newrepublic.com,0,0,0,false,false,t0o6m8,false,,false,t3_t0o6m8,false,/r/politics/comments/t0o6m8/trump_and_his_putin_apologists_blame_woke/,false,false,2928,false,false,politics,t5_2cneq,public,r/politics,Trump and His Putin Apologists Blame ‚ÄúWoke‚Äù Democrats for Invasion of Ukraine,https://newrepublic.com/article/165489/right-wing-media-putin-ukraine,2928,false
false,bumapproach,,false,false,1703187522,1703187522,i.redd.it,0,0,0,false,false,18nvbde,false,,false,t3_18nvbde,false,/r/dailywire/comments/18nvbde/its_an_invasion_and_this_administration_is/,false,false,456,false,false,dailywire,t5_3i424,public,r/dailywire,It‚Äôs an invasion and this administration is allowing it to happen,https://i.redd.it/3aorhorxap7c1.jpeg,456,false
false,mishma2005,,false,false,1703747784,1703747784,reddit.com,0,0,0,false,false,18snyf1,false,,false,t3_18snyf1,false,/r/EnoughMuskSpam/comments/18snyf1/illegals/,false,false,1292,false,false,EnoughMuskSpam,t5_3blr7,public,r/EnoughMuskSpam,‚ÄúIllegals‚Äù,https://www.reddit.com/gallery/18snyf1,1292,false
false,PercentageSad937,,false,false,1698048572,1698048572,self.aliens,0,0,0,false,false,17ef9ss,true,Discussion :table:,false,t3_17ef9ss,false,/r/aliens/comments/17ef9ss/just_woke_up_from_a_dream_about_an_alien_invasion/,false,false,24,false,false,aliens,t5_2qktn,public,r/aliens,Just woke up from a dream about an alien invasion. Anyone else had them?,https://www.reddit.com/r/aliens/comments/17ef9ss/just_woke_up_from_a_dream_about_an_alien_invasion/,24,false
false,TwitFeedBot,,false,false,1702775004,1702775004,youtube.com,0,0,0,false,false,18k5h4o,false,Sci-Fi,false,t3_18k5h4o,false,/r/FilmChannels/comments/18k5h4o/woke_full_movie_2023_scifi_thriller_alien_invasion/,false,false,1,false,false,FilmChannels,t5_2xjwyh,public,r/FilmChannels,WOKE | Full Movie 2023 | Sci-Fi Thriller | Alien Invasion,https://www.youtube.com/embed/HuM4Euk09HU,1,false
false,_Chinito,,false,false,1613230597,1613230597,v.redd.it,0,0,1,false,false,lj2otp,false,üì°üõ∞Ô∏è Sighting,false,t3_lj2otp,false,/r/Starlink/comments/lj2otp/woke_up_to_aliens_in_the_sky_this_morning/,false,false,833,false,false,Starlink,t5_2qpxi,public,r/Starlink,Woke up to ‚Äúaliens‚Äù in the sky this morning,https://v.redd.it/r33aqyqvk9h61,833,false
false,Stimul8ed,,false,false,1704921378,1704921378,i.redd.it,0,0,0,false,false,193jf5g,false,,false,t3_193jf5g,false,/r/conspiracy/comments/193jf5g/its_not_a_state_issue_its_a_national_security/,false,false,484,false,false,conspiracy,t5_2qh4r,public,r/conspiracy,It‚Äôs not a state issue. It‚Äôs a national security issue and Biden is egregiously flooding the country with illegal immigrants to help Dems get more electorates,https://i.redd.it/yuqw1dc8iobc1.jpeg,484,false
false,RissaOfRivia,,false,false,1629437088,1629437088,self.LockdownCriticalLeft,0,0,0,false,false,p7vt5g,true,,false,t3_p7vt5g,false,/r/LockdownCriticalLeft/comments/p7vt5g/rad_woke_libspmc_libs_are_dividing_the_left/,false,false,132,false,false,LockdownCriticalLeft,t5_2z187h,restricted,r/LockdownCriticalLeft,Rad Woke Libs/PMC libs are dividing the left because of their COVID 19 restriction views,https://www.reddit.com/r/LockdownCriticalLeft/comments/p7vt5g/rad_woke_libspmc_libs_are_dividing_the_left/,132,false
false,oOSunKingOo,,false,false,1690210800,1690210800,self.Experiencers,0,0,0,false,false,158d3sj,true,Dreams,false,t3_158d3sj,false,/r/Experiencers/comments/158d3sj/anyone_else_experiencing_apocalyptic_invasion/,false,false,99,false,false,Experiencers,t5_256buf,public,r/Experiencers,Anyone else experiencing apocalyptic invasion dreams recently?,https://www.reddit.com/r/Experiencers/comments/158d3sj/anyone_else_experiencing_apocalyptic_invasion/,99,false
false,OkKaleidoscope5452,,false,false,1692122862,1692122862,reddit.com,0,0,0,false,false,15s00xt,false,,false,t3_15s00xt,false,/r/anonspropheticdream/comments/15s00xt/alien_invasion_coming_reaccuring_vivid_dreams/,false,false,26,false,false,anonspropheticdream,t5_6kysqc,public,r/anonspropheticdream,ALIEN INVASION COMING (REACCURING VIVID DREAMS),https://www.reddit.com/gallery/15s00xt,26,false
false,Brianshoe,,false,false,1690676102,1690676102,self.Dreams,0,0,0,false,false,15d769r,true,,false,t3_15d769r,false,/r/Dreams/comments/15d769r/alien_invasion/,false,false,9,false,false,Dreams,t5_2qmbx,public,r/Dreams,Alien Invasion,https://www.reddit.com/r/Dreams/comments/15d769r/alien_invasion/,9,false
false,Suavemente_Emperor,,false,false,1692138029,1692138029,self.dragonball,0,0,0,false,false,15s70vf,true,Discussion,false,t3_15s70vf,false,/r/dragonball/comments/15s70vf/when_akira_woke_up_and_thought_btw_this_tailer_mf/,false,false,33,false,false,dragonball,t5_2rlhe,public,r/dragonball,"When Akira woke up and thought ""Btw this tailer mf is a Alien""??",https://www.reddit.com/r/dragonball/comments/15s70vf/when_akira_woke_up_and_thought_btw_this_tailer_mf/,33,false
false,Zealousideal-Rule322,,false,false,1708078438,1708078438,self.confessions,0,0,0,false,false,1as58ft,true,,false,t3_1as58ft,false,/r/confessions/comments/1as58ft/i_love_seeing_woke_cities_being_destroyed_by/,false,false,0,false,false,confessions,t5_2qq6g,public,r/confessions,I love seeing woke cities being destroyed by illegals,https://www.reddit.com/r/confessions/comments/1as58ft/i_love_seeing_woke_cities_being_destroyed_by/,0,false
true,OrificeBlaster,,false,false,1685896465,1685896465,self.humansarespaceorcs,0,0,0,false,false,140icl4,true,writing prompt,false,t3_140icl4,false,/r/humansarespaceorcs/comments/140icl4/the_invasion_of_the_planet_earth_was_going/,false,false,533,false,false,humansarespaceorcs,t5_w0jc9,public,r/humansarespaceorcs,"The invasion of the planet Earth was going smoothly for the attacking aliens, despite the fierce resistance from the humans...until the fighting grew so intense that Jormungandr woke up. Ragnarok is come, all hail the Midgard Serpent.",https://www.reddit.com/r/humansarespaceorcs/comments/140icl4/the_invasion_of_the_planet_earth_was_going/,533,false
false,OpeningVermicelli405,,false,false,1708029310,1708029310,v.redd.it,0,0,0,false,false,1arpg9l,false,Flaired Users Only,false,t3_1arpg9l,false,/r/Conservative/comments/1arpg9l/since_when_do_we_support_illegal_immigrants_over/,false,false,280,false,false,Conservative,t5_2qh6p,public,r/Conservative,Since when do we support illegal immigrants over our citizens?,https://v.redd.it/5clb2qty7tic1,280,false
false,TDreamVIII,,false,false,1691219955,1691219955,self.Dreams,0,0,0,false,false,15iowgc,true,,false,t3_15iowgc,false,/r/Dreams/comments/15iowgc/alien_clone_invasion_foreseen_by_mantoids/,false,false,9,false,false,Dreams,t5_2qmbx,public,r/Dreams,Alien Clone Invasion foreseen by Mantoids,https://www.reddit.com/r/Dreams/comments/15iowgc/alien_clone_invasion_foreseen_by_mantoids/,9,false
false,_Elyriah,,false,false,1704877206,1704877206,self.Dreams,0,0,0,false,false,1933zl0,true,Recurring Dream,false,t3_1933zl0,false,/r/Dreams/comments/1933zl0/ive_been_having_alien_invasion_dreams_for_years/,false,false,12,false,false,Dreams,t5_2qmbx,public,r/Dreams,I've been having Alien Invasion Dreams... For years.,https://www.reddit.com/r/Dreams/comments/1933zl0/ive_been_having_alien_invasion_dreams_for_years/,12,false
false,Crumboa,,false,false,1689882717,1689882717,i.redd.it,0,0,0,false,false,15519r2,false,Nightmare Plank,false,t3_15519r2,false,/r/thomastheplankengine/comments/15519r2/saw_this_cryptic_warning_before_i_woke_up_looks/,false,false,38,false,false,thomastheplankengine,t5_qgmfr,public,r/thomastheplankengine,"Saw this cryptic warning before I woke up, looks like 2023 is the year for alien invasion.",https://i.redd.it/4y4816mxc6db1.jpg,38,false
false,Least-Ad5368,,false,false,1697737526,1697737526,self.alien,0,0,0,false,false,17boxzf,true,,false,t3_17boxzf,false,/r/alien/comments/17boxzf/vivid_alien_or_ufo_invasion_nightmare/,false,false,3,false,false,alien,t5_2qkfs,public,r/alien,Vivid alien or UFO invasion nightmare,https://www.reddit.com/r/alien/comments/17boxzf/vivid_alien_or_ufo_invasion_nightmare/,3,false
false,Johnny_Nongamer,,false,false,1698897392,1698897392,i.redd.it,0,0,0,false,false,17lv19u,false,,false,t3_17lv19u,false,/r/Qult_Headquarters/comments/17lv19u/scare_porn_scary_words_with_random_picture/,false,false,865,false,false,Qult_Headquarters,t5_in7k7,public,r/Qult_Headquarters,"Scare Porn - Scary words with random picture containing no location, no date and no context",https://i.redd.it/5kvsgyq6yuxb1.jpg,865,false
false,menunu,,false,false,1688416745,1688416745,self.Fibroids,0,0,0,false,false,14pu4d6,true,My story,false,t3_14pu4d6,true,/r/Fibroids/comments/14pu4d6/lil_miss_and_the_alien_invasion/,false,false,55,false,false,Fibroids,t5_2svuy,public,r/Fibroids,Lil Miss and the Alien Invasion,https://www.reddit.com/r/Fibroids/comments/14pu4d6/lil_miss_and_the_alien_invasion/,55,false
false,Siuuu132,,false,false,1693558986,1693558986,self.stories,0,0,0,false,false,1671wia,true,Dream,false,t3_1671wia,false,/r/stories/comments/1671wia/a_had_a_dream_about_an_alien_invasion/,false,false,1,false,false,stories,t5_2qi02,public,r/stories,A had a dream about an Alien Invasion.,https://www.reddit.com/r/stories/comments/1671wia/a_had_a_dream_about_an_alien_invasion/,1,false
false,cillianmurphy2022,,false,false,1672183303,1672183303,i.redd.it,0,0,0,false,false,zwtl4t,false,Vaccines,false,t3_zwtl4t,false,/r/BidenIsNotMyPresident/comments/zwtl4t/a_complete_invasion/,false,false,130,false,false,BidenIsNotMyPresident,t5_3nf1h9,public,r/BidenIsNotMyPresident,A complete invasion,https://i.redd.it/r5uebfbhfk8a1.jpg,130,false
false,Environmental-Ear575,,false,false,1703658499,1703658499,self.predictions,0,0,0,false,false,18rtyy3,true,Vision,false,t3_18rtyy3,false,/r/predictions/comments/18rtyy3/ufo_invasion_2026/,false,false,35,false,false,predictions,t5_2qr6o,public,r/predictions,UFO invasion 2026,https://www.reddit.com/r/predictions/comments/18rtyy3/ufo_invasion_2026/,35,false
false,TheFuzzyFall,,false,false,1687747483,1687747483,self.Dreams,0,0,0,false,false,14j50jn,true,,false,t3_14j50jn,false,/r/Dreams/comments/14j50jn/apocalyptic_alien_invasion_nightmares/,false,false,4,false,false,Dreams,t5_2qmbx,public,r/Dreams,Apocalyptic Alien Invasion Nightmares,https://www.reddit.com/r/Dreams/comments/14j50jn/apocalyptic_alien_invasion_nightmares/,4,false
false,Tarpy7297,,false,false,1680711209,1680711209,self.HighStrangeness,0,0,0,false,false,12cpchb,true,,false,t3_12cpchb,false,/r/HighStrangeness/comments/12cpchb/my_son_8_and_i_f43had_dreams_about_alien_invasion/,false,false,16,false,false,HighStrangeness,t5_2qvz6,public,r/HighStrangeness,My son (8) and I (F43)had dreams about alien invasion. I just wanted to see what you all thought.,https://www.reddit.com/r/HighStrangeness/comments/12cpchb/my_son_8_and_i_f43had_dreams_about_alien_invasion/,16,false
false,Flying_Snails_today,,false,false,1679862719,1679862719,self.Dbmlore,0,0,0,false,false,122yl7w,true,Tales from the Narratives,false,t3_122yl7w,false,/r/Dbmlore/comments/122yl7w/alien_invasion_part_4/,false,false,2,false,false,Dbmlore,t5_64o6wo,public,r/Dbmlore,Alien Invasion part 4,https://www.reddit.com/r/Dbmlore/comments/122yl7w/alien_invasion_part_4/,2,false
false,mvanigan,,false,false,1709224663,1709224663,apnews.com,0,0,0,false,false,1b34oie,false,,false,t3_1b34oie,false,/r/politics/comments/1b34oie/judge_blocks_texas_law_that_gives_police_broad/,false,false,461,false,false,politics,t5_2cneq,public,r/politics,Judge blocks Texas law that gives police broad powers to arrest migrants who illegally enter US,https://apnews.com/article/texas-migrant-arrests-court-ruling-3bcded91620cbd9686575caa6bcac203?taid=65e0b2be08bce50001f299b8&utm_campaign=TrueAnthem&utm_medium=AP&utm_source=Twitter,461,false
false,Glass_Philosophy6941,,false,false,1709878802,1709878802,self.gettoknowtheothers,0,1709879033,0,false,false,1b9h7a4,true,,false,t3_1b9h7a4,false,/r/gettoknowtheothers/comments/1b9h7a4/my_dream_about_ufo_invasion/,false,false,4,false,false,gettoknowtheothers,t5_afk0nh,public,r/gettoknowtheothers,My dream about Ufo invasion,https://www.reddit.com/r/gettoknowtheothers/comments/1b9h7a4/my_dream_about_ufo_invasion/,4,false
false,GreenManKillsAliens,,false,false,1692652060,1692652060,self.Dreams,0,0,0,false,false,15xk5w0,true,Short Dream,false,t3_15xk5w0,false,/r/Dreams/comments/15xk5w0/dreamed_of_a_alien_invasion_similar_to_war_of_the/,false,false,6,false,false,Dreams,t5_2qmbx,public,r/Dreams,Dreamed of a Alien Invasion similar to War of the Worlds‚Ä¶,https://www.reddit.com/r/Dreams/comments/15xk5w0/dreamed_of_a_alien_invasion_similar_to_war_of_the/,6,false
true,ruski89,,false,false,1689772377,1689772377,i.redd.it,0,0,0,false,false,153updn,false,Local Photography/Video,false,t3_153updn,false,/r/Calgary/comments/153updn/whats_going_on_here_woke_up_to_these_guys_flying/,false,false,210,false,false,Calgary,t5_2qn40,public,r/Calgary,What‚Äôs going on here? Woke up to these guys flying right above my house at 6:45am,https://i.redd.it/0p71pnxt8xcb1.jpg,210,false
false,dreamsGPT2Bot,,false,false,1654722079,1654722079,self.SubSimulatorGPT2,0,0,0,false,false,v7zxcm,true,dreams,false,t3_v7zxcm,false,/r/SubSimulatorGPT2/comments/v7zxcm/dreamt_of_an_alien_invasion_which_i_didnt_believe/,false,false,2,false,false,SubSimulatorGPT2,t5_121sso,restricted,r/SubSimulatorGPT2,"Dreamt of an alien invasion, which I didn't believe in.",https://www.reddit.com/r/SubSimulatorGPT2/comments/v7zxcm/dreamt_of_an_alien_invasion_which_i_didnt_believe/,2,false
true,kdptx1965,,false,false,1672264415,1672264415,i.redd.it,0,0,0,false,false,zxm7ke,false,,false,t3_zxm7ke,false,/r/u_kdptx1965/comments/zxm7ke/woke_regimes/,false,false,1,false,false,u_kdptx1965,t5_2r9tsp,user,u/kdptx1965,Woke Regimes,https://i.redd.it/j5sauie2wm8a1.png,1,false
false,Loud_Flatworm_4146,,false,false,1704735905,1704735905,self.thedavidpakmanshow,0,0,0,false,false,191qzgj,true,,false,t3_191qzgj,false,/r/thedavidpakmanshow/comments/191qzgj/the_red_cross_is_woke_i_guess/,false,false,19,false,false,thedavidpakmanshow,t5_30b6q,public,r/thedavidpakmanshow,"The Red Cross is Woke, I Guess",https://www.reddit.com/r/thedavidpakmanshow/comments/191qzgj/the_red_cross_is_woke_i_guess/,19,false
false,ConstProgrammer,,false,false,1668654129,1668654129,self.AlienAbduction,0,1668654377,0,false,false,yxenyl,true,Experience,false,t3_yxenyl,false,/r/AlienAbduction/comments/yxenyl/man_lived_through_ww3_and_alien_invasion_in_dream/,false,false,22,false,false,AlienAbduction,t5_398eu,public,r/AlienAbduction,Man lived through WW3 and alien invasion in dream,https://www.reddit.com/r/AlienAbduction/comments/yxenyl/man_lived_through_ww3_and_alien_invasion_in_dream/,22,false
false,Dangerous_Kitten-69,,false,false,1659956360,1659956360,self.Dream,0,1659957319,0,false,false,wj5y3h,true,,false,t3_wj5y3h,false,/r/Dream/comments/wj5y3h/alien_invasion/,false,false,8,false,false,Dream,t5_2qoqs,public,r/Dream,Alien invasion??,https://www.reddit.com/r/Dream/comments/wj5y3h/alien_invasion/,8,false
false,Jay-1987,,false,false,1702154341,1702154341,self.Divisive_Babble,0,0,0,false,false,18emixu,true,,false,t3_18emixu,false,/r/Divisive_Babble/comments/18emixu/its_time_for_all_patriotic_british_people_to/,false,false,0,false,false,Divisive_Babble,t5_483mxu,public,r/Divisive_Babble,Its time for all patriotic british people to support REFORM UK to crack down on illegal invaders and stop the brexit betrayal - liblabcon are all woke traitors and will just bring more of the same,https://www.reddit.com/r/Divisive_Babble/comments/18emixu/its_time_for_all_patriotic_british_people_to/,0,false
false,Rustlini_Tortellini,,false,false,1706324228,1706324228,self.Dreams,0,0,0,false,false,1ac0mv6,true,Long Dream,false,t3_1ac0mv6,false,/r/Dreams/comments/1ac0mv6/i_had_a_dream_about_being_separated_from_my_so/,false,false,2,false,false,Dreams,t5_2qmbx,public,r/Dreams,I had a dream about being separated from my SO and kids during an alien invasion,https://www.reddit.com/r/Dreams/comments/1ac0mv6/i_had_a_dream_about_being_separated_from_my_so/,2,false
true,BBJackie,,false,false,1672355420,1672355420,i.redd.it,0,0,0,false,false,zyjn0t,false,,false,t3_zyjn0t,false,/r/AHomeForPlagueRats/comments/zyjn0t/a_complete_invasion/,false,false,102,false,false,AHomeForPlagueRats,t5_55hqum,public,r/AHomeForPlagueRats,A complete invasion,https://i.redd.it/r5uebfbhfk8a1.jpg,102,false
false,camgogow,,false,false,1661084701,1661084701,self.tipofmytongue,0,0,0,false,false,wtydo6,true,Solved,false,t3_wtydo6,false,/r/tipofmytongue/comments/wtydo6/tomt_tv_series_about_an_alien_invasion/,false,false,2,false,false,tipofmytongue,t5_2r4oc,public,r/tipofmytongue,[TOMT] tv series about an alien invasion,https://www.reddit.com/r/tipofmytongue/comments/wtydo6/tomt_tv_series_about_an_alien_invasion/,2,false
false,calebastronaute,,false,false,1665071072,1665071072,self.Dreams,0,0,0,false,false,xx8g1u,true,,false,t3_xx8g1u,false,/r/Dreams/comments/xx8g1u/alien_invasion_dream/,false,false,2,false,false,Dreams,t5_2qmbx,public,r/Dreams,Alien Invasion Dream?,https://www.reddit.com/r/Dreams/comments/xx8g1u/alien_invasion_dream/,2,false
false,godenn,,false,false,1707010424,1707010424,self.godenn,0,0,0,false,false,1aic24a,true,,false,t3_1aic24a,true,/r/u_godenn/comments/1aic24a/what_liberal_progressive_socialist_woke_democrats/,false,false,1,false,false,u_godenn,t5_i2dcw,user,u/godenn,What Liberal Progressive socialist woke democrats have done',https://www.reddit.com/r/u_godenn/comments/1aic24a/what_liberal_progressive_socialist_woke_democrats/,1,false
false,THATgem333,,false,false,1650454715,1650454715,self.DreamInterpretation,0,0,0,false,false,u7uhap,true,Discussion,false,t3_u7uhap,false,/r/DreamInterpretation/comments/u7uhap/alien_invasion/,false,false,1,false,false,DreamInterpretation,t5_2s04x,public,r/DreamInterpretation,Alien Invasion,https://www.reddit.com/r/DreamInterpretation/comments/u7uhap/alien_invasion/,1,false
false,PercentageSad937,,false,false,1698104528,1698104528,self.Experiencers,0,1698105034,0,false,false,17eyq93,true,Dreams,false,t3_17eyq93,false,/r/Experiencers/comments/17eyq93/it_was_suggested_i_post_this_here_its_an/,false,false,91,false,false,Experiencers,t5_256buf,public,r/Experiencers,It was suggested I post this here. It‚Äôs an extremely vivid dream I had last night that I woke up at 4:00 a.m from.,https://www.reddit.com/r/Experiencers/comments/17eyq93/it_was_suggested_i_post_this_here_its_an/,91,false
true,ConstProgrammer,,false,false,1689105195,1689105195,self.aliens,0,1698165554,0,false,false,14x1joq,true,Experience ,false,t3_14x1joq,false,/r/aliens/comments/14x1joq/man_has_72_years_in_a_dream_lives_through_ww3_and/,false,false,289,false,false,aliens,t5_2qktn,public,r/aliens,"Man has 72 years in a dream, lives through WW3 and an alien intervention",https://www.reddit.com/r/aliens/comments/14x1joq/man_has_72_years_in_a_dream_lives_through_ww3_and/,289,false
false,Any-Development4552,,false,false,1701336684,1701336684,reddit.com,0,0,0,false,false,187eoc9,false,LLB,false,t3_187eoc9,false,/r/LodedDiper/comments/187eoc9/diary_of_a_wimpy_kidthe_sqiudlien_invasion_pages/,false,false,41,false,false,LodedDiper,t5_fq25v,public,r/LodedDiper,Diary of a Wimpy Kid:The Sqiudlien Invasion pages 27 to 43,https://www.reddit.com/gallery/187eoc9,41,false
false,BBJackie,,false,false,1672355405,1672355405,i.redd.it,0,0,0,false,false,zyjmqi,false,,false,t3_zyjmqi,false,/r/NurembergTwo/comments/zyjmqi/a_complete_invasion/,false,false,71,false,false,NurembergTwo,t5_55x4ke,public,r/NurembergTwo,A complete invasion,https://i.redd.it/r5uebfbhfk8a1.jpg,71,false
false,Vivid-Echo4259,,false,false,1695087143,1695087143,self.Experiencers,0,0,0,false,false,16mdolz,true,Dreams,false,t3_16mdolz,false,/r/Experiencers/comments/16mdolz/vivid_alien_dream/,false,false,23,false,false,Experiencers,t5_256buf,public,r/Experiencers,Vivid Alien Dream,https://www.reddit.com/r/Experiencers/comments/16mdolz/vivid_alien_dream/,23,false
false,AutomaticDirector346,,false,false,1660407081,1660407081,self.Dreams,0,0,0,false,false,wni4tu,true,Long Dream,false,t3_wni4tu,false,/r/Dreams/comments/wni4tu/a_terrifying_fate_for_humanityalien_invasion/,false,false,5,false,false,Dreams,t5_2qmbx,public,r/Dreams,a terrifying fate for humanity(alien invasion),https://www.reddit.com/r/Dreams/comments/wni4tu/a_terrifying_fate_for_humanityalien_invasion/,5,false
true,Prince_Nexus,,false,false,1648652805,1648652805,self.AskReddit,0,0,0,false,false,ts8ir8,true,,false,t3_ts8ir8,false,/r/AskReddit/comments/ts8ir8/reddit_is_tasked_with_stopping_an_incoming_alien/,false,false,6,false,false,AskReddit,t5_2qh1i,public,r/AskReddit,Reddit is tasked with stopping an incoming Alien Invasion. How does each subreddit prepare?,https://www.reddit.com/r/AskReddit/comments/ts8ir8/reddit_is_tasked_with_stopping_an_incoming_alien/,6,false
true,steffth,,false,false,1648509683,1648509683,self.tifu,0,1648510963,0,false,false,tqm5a8,true,M,false,t3_tqm5a8,false,/r/tifu/comments/tqm5a8/tifu_thinking_i_witnessed_the_start_of_an_alien/,false,false,23,false,false,tifu,t5_2to41,public,r/tifu,TIFU thinking I witnessed the start of an alien invasion,https://www.reddit.com/r/tifu/comments/tqm5a8/tifu_thinking_i_witnessed_the_start_of_an_alien/,23,false
false,drewyourpic,,false,false,1691457163,1691457163,self.NonCredibleDefense,0,1691479584,0,false,false,15l39bd,true,It Just Works ,false,t3_15l39bd,true,/r/NonCredibleDefense/comments/15l39bd/submitted_for_peer_review_because_i_am_a_fucking/,false,false,148,false,false,NonCredibleDefense,t5_i41xc,public,r/NonCredibleDefense,"SUBMITTED FOR PEER REVIEW (because I am a fucking degenerate, and so are you): Putin is an Alien from Venus, and followed the well publicized alien invasion of July 2-4, 1996 : A thesis (that is significantly more credible than his own)",https://www.reddit.com/r/NonCredibleDefense/comments/15l39bd/submitted_for_peer_review_because_i_am_a_fucking/,148,false
false,Ordinary_You5989,,false,false,1683960326,1683960326,self.HFY,0,0,0,false,false,13g9sjz,true,OC,false,t3_13g9sjz,false,/r/HFY/comments/13g9sjz/frank_the_security_guard_stops_an_invasion/,false,false,244,false,false,HFY,t5_2y95n,public,r/HFY,Frank the security guard stops an invasion.,https://www.reddit.com/r/HFY/comments/13g9sjz/frank_the_security_guard_stops_an_invasion/,244,false
false,Muzzly,,false,false,1430672922,1430672922,self.casualiama,0,1430674442,1,false,false,34qdi9,true,,false,t3_34qdi9,false,/r/casualiama/comments/34qdi9/i_was_born_and_raised_in_baghdad_throughout_the/,false,false,74,false,false,casualiama,t5_2sxwp,public,r/casualiama,"I was born and raised in Baghdad throughout the sanctions, illegal invasion and the civil war. AMA",https://www.reddit.com/r/casualiama/comments/34qdi9/i_was_born_and_raised_in_baghdad_throughout_the/,74,false
false,Imaginary_Cow_6379,,false,false,1676312482,1676312482,reddit.com,0,0,0,false,false,111g000,false,*REAL*,false,t3_111g000,false,/r/ToiletPaperUSA/comments/111g000/charlie_kirk_vs_fake_aliens/,false,false,196,false,false,ToiletPaperUSA,t5_3pccn,public,r/ToiletPaperUSA,Charlie Kirk vs Fake Aliens,https://www.reddit.com/gallery/111g000,196,false
false,Belgian_TwatWaffle,,false,false,1676237033,1676237033,self.conspiracy,0,0,0,false,false,110qp1x,true,,false,t3_110qp1x,false,/r/conspiracy/comments/110qp1x/it_looks_like_the_globalist_criminals_next_hoax/,false,false,38,false,false,conspiracy,t5_2qh4r,public,r/conspiracy,It looks like the globalist criminals' next hoax is going to be an alien invasion. Here are the most likely possibilities.,https://www.reddit.com/r/conspiracy/comments/110qp1x/it_looks_like_the_globalist_criminals_next_hoax/,38,false
false,PedroM0ralles,,false,false,1704937568,1704937568,i.redd.it,0,0,0,false,false,193poey,false,,false,t3_193poey,false,/r/walkaway/comments/193poey/the_biden_administration_swears_the_border_is/,false,false,618,false,false,walkaway,t5_3l2gt,public,r/walkaway,The Biden administration swears the border is secure while at the same time litigiously attacking any attempt to stop the invason. What do you think the grand plan for these millions of immigrants might be?,https://i.redd.it/67gv1i8kupbc1.png,618,false
false,WeirdDragonGirl,,false,false,1628053057,1628053057,self.Dreams,0,0,0,false,false,oxldql,true,Short Dream,false,t3_oxldql,false,/r/Dreams/comments/oxldql/alien_invasionabduction/,false,false,4,false,false,Dreams,t5_2qmbx,public,r/Dreams,Alien invasion/abduction,https://www.reddit.com/r/Dreams/comments/oxldql/alien_invasionabduction/,4,false
false,Koraidon1,,false,false,1684403379,1684403379,self.PokemonRoleplays,0,0,0,false,false,13ku553,true,Question/discussion ,false,t3_13ku553,false,/r/PokemonRoleplays/comments/13ku553/today_i_woke_up_and_i_am_confused/,false,false,1,false,false,PokemonRoleplays,t5_7t61ka,public,r/PokemonRoleplays,Today I woke up and i am confused,https://www.reddit.com/r/PokemonRoleplays/comments/13ku553/today_i_woke_up_and_i_am_confused/,1,false
false,AltruisticTip5000,,false,false,1685244948,1685244948,i.redd.it,0,0,0,false,false,13tqcyz,false,Discussion,false,t3_13tqcyz,false,/r/WarofTheWorlds/comments/13tqcyz/what_makes_this_old_2005_movie_woke/,false,false,39,false,false,WarofTheWorlds,t5_2vm25,public,r/WarofTheWorlds,"What makes this old 2005 movie ""woke""??? ü§®",https://i.redd.it/nk9m6bdfaj2b1.png,39,false
false,KyletheAngryAncap,,false,false,1703973859,1703973859,i.postimg.cc,0,0,0,false,false,18ur2ys,false,,false,t3_18ur2ys,false,/r/AntiGroyperAktion/comments/18ur2ys/bro_just_wants_to_give_welfare_queens_money/,false,false,1,false,false,AntiGroyperAktion,t5_4hm8te,public,r/AntiGroyperAktion,"Bro just wants to give welfare queens money because they born in country, claims walking on federal drawn lines is an invasion.",https://i.postimg.cc/jdkgzyQz/8-C305274-84-C7-4494-8-AFF-B1849-EE84-CD2.jpg,1,false
false,Agucuk_master,,false,false,1616323453,1616323453,self.Dreams,0,1616323941,0,false,false,m9u495,true,Short Dream,false,t3_m9u495,false,/r/Dreams/comments/m9u495/alien_invasion/,false,false,3,false,false,Dreams,t5_2qmbx,public,r/Dreams,Alien invasion,https://www.reddit.com/r/Dreams/comments/m9u495/alien_invasion/,3,false
true,FriendlyWeight9583,,false,false,1672423045,1672423045,i.redd.it,0,0,0,false,false,zz6wep,false,,false,t3_zz6wep,false,/r/u_FriendlyWeight9583/comments/zz6wep/a_complete_invasion/,false,false,1,false,false,u_FriendlyWeight9583,t5_3y3dpt,user,u/FriendlyWeight9583,A complete invasion,https://i.redd.it/r5uebfbhfk8a1.jpg,1,false
false,dreamsGPT2Bot,,false,false,1610535640,1610535640,self.SubSimulatorGPT2,0,0,0,false,false,kwe80l,true,MIXED,false,t3_kwe80l,false,/r/SubSimulatorGPT2/comments/kwe80l/i_dreamed_of_an_alien_invasion/,false,false,41,false,false,SubSimulatorGPT2,t5_121sso,restricted,r/SubSimulatorGPT2,I dreamed of an alien invasion.,https://www.reddit.com/r/SubSimulatorGPT2/comments/kwe80l/i_dreamed_of_an_alien_invasion/,41,false
false,Dageon3,,false,false,1659171989,1659171989,self.Dreams,0,0,0,false,false,wbt79p,true,Short Dream,false,t3_wbt79p,false,/r/Dreams/comments/wbt79p/dreamed_about_an_alien_invasion_an/,false,false,2,false,false,Dreams,t5_2qmbx,public,r/Dreams,Dreamed about an alien invasion & an incomprehensibly large lollipop,https://www.reddit.com/r/Dreams/comments/wbt79p/dreamed_about_an_alien_invasion_an/,2,false
false,EggplantForward4149,,false,false,1704035062,1704035062,self.Dreams,0,0,0,false,false,18v9j4a,true,Long Dream,false,t3_18v9j4a,false,/r/Dreams/comments/18v9j4a/woke_up_in_a_dream_about_dreaming_about_the_matrix/,false,false,1,false,false,Dreams,t5_2qmbx,public,r/Dreams,Woke up in a dream about dreaming about the matrix?,https://www.reddit.com/r/Dreams/comments/18v9j4a/woke_up_in_a_dream_about_dreaming_about_the_matrix/,1,false
false,under_thesun,,false,false,1495577757,1495577757,self.UFOs,0,0,0,false,false,6cxzb6,true,Discussion,false,t3_6cxzb6,false,/r/UFOs/comments/6cxzb6/does_anyone_else_have_dreams_of_alien_invasions/,false,false,23,false,false,UFOs,t5_2qhds,public,r/UFOs,Does anyone else have dreams of alien invasions?,https://www.reddit.com/r/UFOs/comments/6cxzb6/does_anyone_else_have_dreams_of_alien_invasions/,23,false
false,BackgroundCarrot3805,,false,false,1708559426,1708559426,self.aliensinmydreams,0,0,0,false,false,1awri37,true,,false,t3_1awri37,false,/r/aliensinmydreams/comments/1awri37/possible_prophetic_dream_alien_spaceship_crash_in/,false,false,14,false,false,aliensinmydreams,t5_87g401,public,r/aliensinmydreams,Possible prophetic dream alien spaceship crash in Rio de Janeiro 2026,https://www.reddit.com/r/aliensinmydreams/comments/1awri37/possible_prophetic_dream_alien_spaceship_crash_in/,14,false
false,helovnin,,false,false,1662978250,1662978250,self.Dreams,0,0,0,false,false,xc956j,true,Short Dream,false,t3_xc956j,true,/r/Dreams/comments/xc956j/wife_and_baby_making_amends_for_being_a_bad/,false,false,5,false,false,Dreams,t5_2qmbx,public,r/Dreams,"Wife and baby, making amends for being a bad father/husband, alien invasion???",https://www.reddit.com/r/Dreams/comments/xc956j/wife_and_baby_making_amends_for_being_a_bad/,5,false
false,maximusaemilius,,false,false,1684682139,1684682139,self.HFY,0,1684744149,0,false,false,13nxlbm,true,Text,false,t3_13nxlbm,false,/r/HFY/comments/13nxlbm/empyrean_iris_1199_the_invasion_continues_by/,false,false,54,false,false,HFY,t5_2y95n,public,r/HFY,Empyrean Iris: 1-199: The invasion continues (by Charlie Star),https://www.reddit.com/r/HFY/comments/13nxlbm/empyrean_iris_1199_the_invasion_continues_by/,54,false
false,ProgenitorRex,,false,false,1703962109,1703962109,self.TheSpawningGrounds,0,1703963186,0,false,false,18umkai,true,,false,t3_18umkai,true,/r/TheSpawningGrounds/comments/18umkai/invasion_part_3/,false,false,7,false,false,TheSpawningGrounds,t5_8sj97w,restricted,r/TheSpawningGrounds,Invasion - Part 3,https://www.reddit.com/r/TheSpawningGrounds/comments/18umkai/invasion_part_3/,7,false
true,FROSTNOVA_Frosty,,false,false,1677212439,1677212439,i.redd.it,0,0,0,false,false,11aiakh,false,tankies tanking,false,t3_11aiakh,false,/r/tankiejerk/comments/11aiakh/what_the_fuck_is_woke_nazism/,false,false,93,false,false,tankiejerk,t5_136u9r,public,r/tankiejerk,What the fuck is Woke Nazism üíÄ,https://i.redd.it/i4p1e0uot3ka1.jpg,93,false
false,Big_Echo2284,,false,false,1652674322,1652674322,i.redd.it,0,0,0,false,false,uqnc93,false,,false,t3_uqnc93,false,/r/Gamingcirclejerk/comments/uqnc93/no_the_comments_were_not_full_of_people_with/,false,false,195,false,false,Gamingcirclejerk,t5_2sf2b,public,r/Gamingcirclejerk,"No, the comments were not full of people with anime profile pics subscribed to noFap and celebbattles. Just reasonable folk tired of wokeness. Why do you ask??",https://i.redd.it/33cr0ixqjrz81.jpg,195,false
false,urbanflow3,,false,false,1609079057,1609079057,self.DreamInterpretation,0,1609079366,0,false,false,kl4gxb,true,Lucid,false,t3_kl4gxb,false,/r/DreamInterpretation/comments/kl4gxb/alien_invasion_hostile_takeover/,false,false,3,false,false,DreamInterpretation,t5_2s04x,public,r/DreamInterpretation,"Alien invasion, hostile takeover!",https://www.reddit.com/r/DreamInterpretation/comments/kl4gxb/alien_invasion_hostile_takeover/,3,false
false,New_Construction_111,,false,false,1679277997,1679277997,self.Transmedical,0,0,0,false,false,11w5afe,true,Rant,false,t3_11w5afe,false,/r/Transmedical/comments/11w5afe/modern_day_nonbinary_may_as_well_be_defined_as_an/,false,false,130,false,false,Transmedical,t5_uh8xj,public,r/Transmedical,Modern day Non-binary may as well be defined as an invasive species at this point,https://www.reddit.com/r/Transmedical/comments/11w5afe/modern_day_nonbinary_may_as_well_be_defined_as_an/,130,false
false,BillyManHansSr,,false,false,1672126111,1672126111,i.redd.it,0,0,0,false,false,zw9usy,false,Racism,false,t3_zw9usy,false,/r/forwardsfromgrandma/comments/zw9usy/kinda_like_all_those_illegal_english_colonists/,false,false,61,false,false,forwardsfromgrandma,t5_2t776,public,r/forwardsfromgrandma,Kinda like all those illegal English colonists who invaded back in the 1700s? Or is it cool cause they were white?,https://i.redd.it/1t87ivefpf8a1.png,61,false
false,Justp1ayin,,false,false,1636073658,1636073658,self.tvPlus,0,0,0,false,false,qmzf8g,true,Invasion,false,t3_qmzf8g,false,/r/tvPlus/comments/qmzf8g/invasion_season_1_episode_5_discussion_thread/,false,false,27,false,false,tvPlus,t5_23162c,public,r/tvPlus,Invasion | Season 1 - Episode 5 | Discussion Thread,https://www.reddit.com/r/tvPlus/comments/qmzf8g/invasion_season_1_episode_5_discussion_thread/,27,false
true,ThatSquareChick,,false,false,1482004789,1482004789,self.IAmA,0,1482068270,0,false,false,5iwa8t,true,NSFW,false,t3_5iwa8t,true,/r/IAmA/comments/5iwa8t/ever_wonder_what_a_breast_augmentation_is_like/,false,false,433,false,false,IAmA,t5_2qzb6,public,r/IAmA,Ever wonder what a breast augmentation is like? AMA!! Answering all your questions about invasive plastic surgery! NSFW,https://www.reddit.com/r/IAmA/comments/5iwa8t/ever_wonder_what_a_breast_augmentation_is_like/,433,false
false,Amount_Safe,,false,false,1678984485,1678984485,self.AlienAbduction,0,0,0,false,false,11sz1pq,true,,false,t3_11sz1pq,false,/r/AlienAbduction/comments/11sz1pq/invasion_dream_followed_by_abduction/,false,false,16,false,false,AlienAbduction,t5_398eu,public,r/AlienAbduction,Invasion dream followed by abduction,https://www.reddit.com/r/AlienAbduction/comments/11sz1pq/invasion_dream_followed_by_abduction/,16,false
false,el3venthl3tter,,false,false,1617759950,1617759950,self.Dreams,0,1617760207,0,false,false,mlrdnp,true,,false,t3_mlrdnp,false,/r/Dreams/comments/mlrdnp/alien_invasion_dream/,false,false,2,false,false,Dreams,t5_2qmbx,public,r/Dreams,Alien Invasion Dream,https://www.reddit.com/r/Dreams/comments/mlrdnp/alien_invasion_dream/,2,false
false,Proof_Courage1652,,false,false,1683900919,1683900919,reddit.com,0,0,0,false,false,13fmfki,false,Dreams,false,t3_13fmfki,false,/r/Experiencers/comments/13fmfki/dreams_about_aliens_metal_spheres_and_saucer/,false,false,49,false,false,Experiencers,t5_256buf,public,r/Experiencers,"Dreams about aliens, metal spheres, and saucer lights in sky",https://www.reddit.com/gallery/13fmfki,49,false
false,LargePileOfSnakes,,false,false,1614247396,1614247396,self.DreamInterpretation,0,1614249818,0,false,false,ls388i,true,Dream,false,t3_ls388i,false,/r/DreamInterpretation/comments/ls388i/a_pair_of_alien_invasion_dreams/,false,false,1,false,false,DreamInterpretation,t5_2s04x,public,r/DreamInterpretation,A pair of alien invasion dreams,https://www.reddit.com/r/DreamInterpretation/comments/ls388i/a_pair_of_alien_invasion_dreams/,1,false
false,FredHypnoRP,,false,false,1643396915,1643396915,self.TransformationRP,0,0,0,false,false,sey5s0,true,MultipleTF,false,t3_sey5s0,true,/r/TransformationRP/comments/sey5s0/m4aplayingf_alien_parasite_invasionmission_breed/,false,false,3,false,false,TransformationRP,t5_34gie,public,r/TransformationRP,[M4AplayingF] Alien parasite invasion--mission breed baby breed,https://www.reddit.com/r/TransformationRP/comments/sey5s0/m4aplayingf_alien_parasite_invasionmission_breed/,3,false
false,frvnkwoods,,false,false,1707440746,1707440746,self.Dreams,0,1707452046,0,false,false,1ambnz1,true,Dream Help,false,t3_1ambnz1,false,/r/Dreams/comments/1ambnz1/dream_of_the_world_ending_alien_takeover_maybe/,false,false,6,false,false,Dreams,t5_2qmbx,public,r/Dreams,Dream of the world ending/ alien takeover maybe? What does it mean?,https://www.reddit.com/r/Dreams/comments/1ambnz1/dream_of_the_world_ending_alien_takeover_maybe/,6,false
false,saramarieidk,,false,false,1706180639,1706180639,self.Dreams,0,0,0,false,false,19f6uz2,true,Short Dream,false,t3_19f6uz2,false,/r/Dreams/comments/19f6uz2/its_540am_i_just_woke_up_terrified_from_a_weird/,false,false,2,false,false,Dreams,t5_2qmbx,public,r/Dreams,It‚Äôs 5:40am. I just woke up terrified from a weird dream,https://www.reddit.com/r/Dreams/comments/19f6uz2/its_540am_i_just_woke_up_terrified_from_a_weird/,2,false
true,ramsinchester,,false,false,1563392657,1563392657,self.JUSTNOMIL,0,0,0,false,false,cehqnt,true,UPDATE- NO Advice Wanted,false,t3_cehqnt,false,/r/JUSTNOMIL/comments/cehqnt/i_live_with_chronic_pain_and_caught_mil_trying_to/,false,false,1022,false,false,JUSTNOMIL,t5_377ps,public,r/JUSTNOMIL,I live with chronic pain and caught MIL trying to sneak my pain medicine and woke me in the middle of the night after an awful flare day,https://www.reddit.com/r/JUSTNOMIL/comments/cehqnt/i_live_with_chronic_pain_and_caught_mil_trying_to/,1022,false
true,maximusaemilius,,false,false,1684682759,1684682759,self.humansarespaceorcs,0,1684684868,0,false,false,13nxube,true,Crossposted Story,false,t3_13nxube,false,/r/humansarespaceorcs/comments/13nxube/aliens_invade_earth_after_having_problems_with/,false,false,411,false,false,humansarespaceorcs,t5_w0jc9,public,r/humansarespaceorcs,Aliens invade earth! After having problems with local wildlife they now have to deal with human civilians.,https://www.reddit.com/r/humansarespaceorcs/comments/13nxube/aliens_invade_earth_after_having_problems_with/,411,false
false,Head-Broccoli-9117,,false,false,1690067804,1690067804,self.conspiracy,0,1690188672,0,false,false,156yfut,true,,false,t3_156yfut,false,/r/conspiracy/comments/156yfut/i_had_3_separate_dreams_alluding_to_an_alien/,false,false,5,false,false,conspiracy,t5_2qh4r,public,r/conspiracy,"I had 3 separate dreams alluding to an alien invasion, a real one not project blue beam type, and I‚Äôm going to share them here along with interesting stuff that corresponds to this",https://www.reddit.com/r/conspiracy/comments/156yfut/i_had_3_separate_dreams_alluding_to_an_alien/,5,false
false,Gunsnroses92,,false,false,1590096111,1590096111,self.LucidDreaming,0,0,0,false,false,go5l6z,true,,false,t3_go5l6z,false,/r/LucidDreaming/comments/go5l6z/advanced_community_alien_invasion/,false,false,1,false,false,LucidDreaming,t5_2r0f4,public,r/LucidDreaming,Advanced community alien invasion,https://www.reddit.com/r/LucidDreaming/comments/go5l6z/advanced_community_alien_invasion/,1,false
true,Ouroboros612,,false,false,1685636178,1685636178,self.Starfield,0,0,0,false,false,13xltia,true,Discussion,false,t3_13xltia,false,/r/Starfield/comments/13xltia/the_ancient_alien_artifact_in_your_opinion_whats/,false,false,17,false,false,Starfield,t5_3g41m,public,r/Starfield,The ancient alien artifact. In your opinion what's the best and worst direction they can take this in when it comes to the narrative?,https://www.reddit.com/r/Starfield/comments/13xltia/the_ancient_alien_artifact_in_your_opinion_whats/,17,false
false,AlienNationSSB,,false,false,1666184225,1666184225,self.HFY,0,1677056999,1,false,false,y821gm,true,OC,false,t3_y821gm,false,/r/HFY/comments/y821gm/aliennation_chapter_139_confession/,false,false,370,false,false,HFY,t5_2y95n,public,r/HFY,Alien-Nation Chapter 139: Confession,https://www.reddit.com/r/HFY/comments/y821gm/aliennation_chapter_139_confession/,370,false
false,Mammoth-Relief-8405,,false,false,1676981030,1676981030,self.Dreams,0,0,0,false,false,1181v7u,true,Dream Help,false,t3_1181v7u,false,/r/Dreams/comments/1181v7u/this_dream_made_me_question_a_lot_when_i_woke_up/,false,false,4,false,false,Dreams,t5_2qmbx,public,r/Dreams,this dream made me question a lot when i woke up.,https://www.reddit.com/r/Dreams/comments/1181v7u/this_dream_made_me_question_a_lot_when_i_woke_up/,4,false
false,itsvi-,,false,false,1587140360,1587140360,self.DreamInterpretation,0,0,0,false,false,g354uq,true,,false,t3_g354uq,false,/r/DreamInterpretation/comments/g354uq/world_ending_alien_invasion_etc/,false,false,1,false,false,DreamInterpretation,t5_2s04x,public,r/DreamInterpretation,World Ending/ Alien Invasion Etc.,https://www.reddit.com/r/DreamInterpretation/comments/g354uq/world_ending_alien_invasion_etc/,1,false
true,Mental_Passi0n,,false,false,1678971910,1678971910,i.redd.it,0,0,0,false,false,11stm73,false,,false,t3_11stm73,false,/r/HaloMemes/comments/11stm73/finally_my_multiplayer_skills_will_come_into/,false,false,327,false,false,HaloMemes,t5_2vj64,public,r/HaloMemes,Finally. My multiplayer skills will come into action.,https://i.redd.it/zxj8bsth55oa1.png,327,false
true,WeirdBryceGuy,,false,false,1600133990,1600133990,self.nosleep,0,0,0,false,false,isz14e,true,,false,t3_isz14e,false,/r/nosleep/comments/isz14e/when_i_was_abducted_by_aliens_invasive_probing/,false,false,154,false,false,nosleep,t5_2rm4d,public,r/nosleep,"When I was abducted by aliens, invasive probing was the least of my worries.",https://www.reddit.com/r/nosleep/comments/isz14e/when_i_was_abducted_by_aliens_invasive_probing/,154,false
true,petermobeter,,false,false,1668381612,1668381612,self.aliens,0,0,0,false,false,yui6d8,true,Experience ,false,t3_yui6d8,false,/r/aliens/comments/yui6d8/asked_my_dad_about_the_common_sky_filled_w_ufos/,false,false,281,false,false,aliens,t5_2qktn,public,r/aliens,asked my dad about the common ‚Äúsky filled w/ UFOs‚Äù dream & he revealed a secret to me!?,https://www.reddit.com/r/aliens/comments/yui6d8/asked_my_dad_about_the_common_sky_filled_w_ufos/,281,false
false,Adventurous-Map-9400,,false,false,1668350976,1668350976,self.Sexyspacebabes,0,1668996948,0,false,false,yu3rhn,true,Story,false,t3_yu3rhn,false,/r/Sexyspacebabes/comments/yu3rhn/growing_up_alien_chapter_1/,false,false,302,false,false,Sexyspacebabes,t5_3so9zk,public,r/Sexyspacebabes,Growing up Alien Chapter 1,https://www.reddit.com/r/Sexyspacebabes/comments/yu3rhn/growing_up_alien_chapter_1/,302,false
true,pastycavity,,false,false,1307494276,1307494276,youtube.com,0,0,0,false,false,hu7ot,false,,false,t3_hu7ot,false,/r/videos/comments/hu7ot/woking_alien_invasion_welcome/,false,false,1,false,false,videos,t5_2qh1e,public,r/videos,Woking: alien invasion welcome,http://www.youtube.com/watch?v=8_5cpaN43qE,1,false
false,Malice_Qahwah,,false,false,1674818066,1674818066,self.HFY,0,0,0,false,false,10mieo0,true,OC,false,t3_10mieo0,false,/r/HFY/comments/10mieo0/we_prepared_for_the_invasion/,false,false,409,false,false,HFY,t5_2y95n,public,r/HFY,We prepared for the invasion.,https://www.reddit.com/r/HFY/comments/10mieo0/we_prepared_for_the_invasion/,409,false
true,SuperN3rdMaster,,false,false,1484817107,1484817107,self.aliens,0,0,0,false,false,5ovm99,true,,false,t3_5ovm99,false,/r/aliens/comments/5ovm99/do_you_guys_think_an_alien_invasion_will_happen/,false,false,11,false,false,aliens,t5_2qktn,public,r/aliens,Do you guys think an alien invasion will happen in 2017,https://www.reddit.com/r/aliens/comments/5ovm99/do_you_guys_think_an_alien_invasion_will_happen/,11,false
false,Turquoise-Liger,,false,false,1687200335,1687200335,self.Experiencers,0,0,0,false,false,14dmxlo,true,Dreams,false,t3_14dmxlo,false,/r/Experiencers/comments/14dmxlo/spontaneous_human_combustion_maybe_caused_by/,false,false,12,false,false,Experiencers,t5_256buf,public,r/Experiencers,Spontaneous Human Combustion Maybe Caused By Aliens,https://www.reddit.com/r/Experiencers/comments/14dmxlo/spontaneous_human_combustion_maybe_caused_by/,12,false
false,G-Unit11111,,false,false,1703099993,1703099993,i.redd.it,0,0,0,false,false,18n2rkk,false,,false,t3_18n2rkk,false,/r/WhitePeopleTwitter/comments/18n2rkk/tyranny_you_keep_using_that_word_i_do_not_think/,false,false,507,false,false,WhitePeopleTwitter,t5_35n7t,public,r/WhitePeopleTwitter,Tyranny. You keep using that word. I do not think it means what you think it means.,https://i.redd.it/ad3r2o5j2i7c1.jpeg,507,false
false,MissSpiralEyes,,false,false,1699674289,1699674289,self.transformation,0,0,0,false,false,17sm21r,true,Story,false,t3_17sm21r,true,/r/transformation/comments/17sm21r/alien_tf_my_alien_monster_girlfriend/,false,false,120,false,false,transformation,t5_2rqr7,public,r/transformation,[Alien TF] My Alien Monster Girlfriend,https://www.reddit.com/r/transformation/comments/17sm21r/alien_tf_my_alien_monster_girlfriend/,120,false
false,priscilla_halfbreed,,false,false,1602475331,1602475331,self.Dreams,0,0,0,false,false,j9jxa7,true,Long Dream,false,t3_j9jxa7,false,/r/Dreams/comments/j9jxa7/dream_about_alien_invasion_benevolent_and/,false,false,13,false,false,Dreams,t5_2qmbx,public,r/Dreams,Dream about alien invasion; benevolent and malevolent simultaneously,https://www.reddit.com/r/Dreams/comments/j9jxa7/dream_about_alien_invasion_benevolent_and/,13,false
false,Sa10nga1a,,false,false,1544806070,1544806070,self.Dreams,0,1544806253,0,false,false,a66hqq,true,,false,t3_a66hqq,false,/r/Dreams/comments/a66hqq/alien_invasion/,false,false,1,false,false,Dreams,t5_2qmbx,public,r/Dreams,Alien invasion!,https://www.reddit.com/r/Dreams/comments/a66hqq/alien_invasion/,1,false
false,BloodySpaghetti,,false,false,1707607598,1707607598,self.nosleep,0,0,0,false,false,1antjih,true,,false,t3_1antjih,false,/r/nosleep/comments/1antjih/nothing_but_pure_invasive_and_unrelenting_horror/,false,false,29,false,false,nosleep,t5_2rm4d,public,r/nosleep,Nothing But Pure Invasive and Unrelenting Horror,https://www.reddit.com/r/nosleep/comments/1antjih/nothing_but_pure_invasive_and_unrelenting_horror/,29,false
false,Butternutcoffeecup,,false,false,1558030397,1558030397,self.Dreams,0,1558032155,0,false,false,bpfz32,true,Question,false,t3_bpfz32,false,/r/Dreams/comments/bpfz32/recurring_alien_invasion_dream/,false,false,2,false,false,Dreams,t5_2qmbx,public,r/Dreams,Recurring Alien Invasion Dream.,https://www.reddit.com/r/Dreams/comments/bpfz32/recurring_alien_invasion_dream/,2,false
false,Superwarriors4,,false,false,1608696428,1608696428,i.redd.it,0,0,0,false,false,kilqie,false,üí°Idea/Suggestion,false,t3_kilqie,false,/r/BitLifeApp/comments/kilqie/there_should_be_alien_invasions_and_other_events/,false,false,17,false,false,BitLifeApp,t5_q3ho0,public,r/BitLifeApp,There should be alien invasions and other events in BitLife,https://i.redd.it/iewgo36w2v661.jpg,17,false
false,ConstProgrammer,,false,false,1693116548,1693116548,self.anonspropheticdream,0,0,0,false,false,162idxq,true,,false,t3_162idxq,false,/r/anonspropheticdream/comments/162idxq/two_common_dreams_invasion_of_beings_that_can/,false,false,3,false,false,anonspropheticdream,t5_6kysqc,public,r/anonspropheticdream,Two common dreams: invasion of beings that can possess human bodies just by touching them.,https://www.reddit.com/r/anonspropheticdream/comments/162idxq/two_common_dreams_invasion_of_beings_that_can/,3,false
false,ConstProgrammer,,false,false,1668654198,1668654198,self.Experiencers,0,0,0,false,false,yxeowe,true,Experience,false,t3_yxeowe,false,/r/Experiencers/comments/yxeowe/man_has_72_years_in_a_dream_lives_through_ww3_and/,false,false,113,false,false,Experiencers,t5_256buf,public,r/Experiencers,"Man has 72 years in a dream, lives through WW3 and an alien intervention",https://www.reddit.com/r/Experiencers/comments/yxeowe/man_has_72_years_in_a_dream_lives_through_ww3_and/,113,false
false,LorraX132,,false,false,1541230047,1541230047,self.nosleepseries,0,0,0,false,false,9ts9ui,true,,false,t3_9ts9ui,false,/r/nosleepseries/comments/9ts9ui/alien_invasion_dream/,false,false,1,false,false,nosleepseries,t5_2ud7i,public,r/nosleepseries,Alien invasion (Dream),https://www.reddit.com/r/nosleepseries/comments/9ts9ui/alien_invasion_dream/,1,false
false,purplebeef,,false,false,1664391570,1664391570,self.Dreams,0,0,0,false,false,xql5ky,true,Short Dream,false,t3_xql5ky,false,/r/Dreams/comments/xql5ky/last_night_i_saved_the_earth_from_an_alien/,false,false,12,false,false,Dreams,t5_2qmbx,public,r/Dreams,"Last night I saved the Earth from an alien invasion, by showing them bits of the world through a projector connected to my brain.",https://www.reddit.com/r/Dreams/comments/xql5ky/last_night_i_saved_the_earth_from_an_alien/,12,false
false,Toasted_Eggo,,false,false,1501903743,1501903743,self.Dreams,0,0,0,false,false,6rpkak,true,Short Dream,false,t3_6rpkak,false,/r/Dreams/comments/6rpkak/alien_invasion/,false,false,1,false,false,Dreams,t5_2qmbx,public,r/Dreams,Alien Invasion,https://www.reddit.com/r/Dreams/comments/6rpkak/alien_invasion/,1,false
false,andreluizgollo,,false,false,1584724099,1584724099,self.tipofmyjoystick,0,0,0,false,false,flym0a,true,,false,t3_flym0a,false,/r/tipofmyjoystick/comments/flym0a/indie_alien_invasion_side_scroller_with_pixel_art/,false,false,6,false,false,tipofmyjoystick,t5_2vkzr,public,r/tipofmyjoystick,Indie alien invasion side scroller with pixel art graphics and female protagonist,https://www.reddit.com/r/tipofmyjoystick/comments/flym0a/indie_alien_invasion_side_scroller_with_pixel_art/,6,false
false,SSBSubjugation,,false,false,1649681517,1649681517,self.HFY,0,1677111030,0,false,false,u171i2,true,OC,false,t3_u171i2,false,/r/HFY/comments/u171i2/aliennation_chapter_97_finals/,false,false,434,false,false,HFY,t5_2y95n,public,r/HFY,Alien-Nation Chapter 97: Finals,https://www.reddit.com/r/HFY/comments/u171i2/aliennation_chapter_97_finals/,434,false
true,Aurondarklord,,false,false,1569438842,1569438842,self.KotakuInAction,0,1569439435,0,false,false,d9818i,true,,false,t3_d9818i,false,/r/KotakuInAction/comments/d9818i/good_news_everyone_doom_annihilation_is_not_woke/,false,false,88,false,false,KotakuInAction,t5_33726,public,r/KotakuInAction,Good news everyone! Doom: Annihilation is NOT WOKE!,https://www.reddit.com/r/KotakuInAction/comments/d9818i/good_news_everyone_doom_annihilation_is_not_woke/,88,false
false,Reckonerv3,,false,false,1463366111,1463366111,self.Dreams,0,0,0,false,false,4jj8tz,true,,false,t3_4jj8tz,false,/r/Dreams/comments/4jj8tz/alien_invasion/,false,false,2,false,false,Dreams,t5_2qmbx,public,r/Dreams,Alien Invasion,https://www.reddit.com/r/Dreams/comments/4jj8tz/alien_invasion/,2,false
true,Voyager081291,,false,false,1637330356,1637330356,self.space,0,0,0,false,false,qxgrow,true,use the 'All Space Questions' thread please,false,t3_qxgrow,false,/r/space/comments/qxgrow/does_anyone_know_of_a_good_website_that_has_a/,false,false,64,false,false,space,t5_2qh87,public,r/space,"Does anyone know of a good website that has a list of all the cool things happening in space that we can observe without a telescope? I don't want to miss anymore eclipses, meteor showers, alien invasions, everything!",https://www.reddit.com/r/space/comments/qxgrow/does_anyone_know_of_a_good_website_that_has_a/,64,false
false,Jamiefromgallifrey,,false,false,1508462015,1508462015,self.Weird_dreams,0,0,0,false,false,77iul0,true,,false,t3_77iul0,false,/r/Weird_dreams/comments/77iul0/alien_invasion/,false,false,2,false,false,Weird_dreams,t5_2uthe,public,r/Weird_dreams,Alien Invasion,https://www.reddit.com/r/Weird_dreams/comments/77iul0/alien_invasion/,2,false
false,Pietin11,,false,false,1706303558,1706303558,self.dbz,0,0,0,false,false,1abt3fk,true,Discussion,false,t3_1abt3fk,false,/r/dbz/comments/1abt3fk/it_had_to_be_awkward_when_all_the_species_frieza/,false,false,15,false,false,dbz,t5_2sdu8,public,r/dbz,It had to be awkward when all the species Frieza wiped out to come back only to see someone else moved onto their planet.,https://www.reddit.com/r/dbz/comments/1abt3fk/it_had_to_be_awkward_when_all_the_species_frieza/,15,false
false,Cheeky_Bow,,false,false,1709486429,1709486429,i.redd.it,0,0,0,false,false,1b5mf73,false,,false,t3_1b5mf73,false,/r/invinciblegtg/comments/1b5mf73/finally/,false,false,0,false,false,invinciblegtg,t5_9chlb6,public,r/invinciblegtg,Finally,https://i.redd.it/ef14y60uk5mc1.jpeg,0,false
false,DanEosen,,false,false,1702445806,1702445806,self.horror,0,0,0,false,false,18h9q6q,true,,false,t3_18h9q6q,false,/r/horror/comments/18h9q6q/2021_risen_zombies_aliens_it_was_ambitious_but_so/,false,false,1,false,false,horror,t5_2qh9x,public,r/horror,"2021 Risen - Zombies, Aliens - It Was Ambitious But So Scattered And Dull",https://www.reddit.com/r/horror/comments/18h9q6q/2021_risen_zombies_aliens_it_was_ambitious_but_so/,1,false
false,BurningCthulhu,,false,false,1600585958,1600585958,self.Wierddreams,0,0,0,false,false,iw96vt,true,,false,t3_iw96vt,false,/r/Wierddreams/comments/iw96vt/batmansuperman_hybrid_in_the_zombie_apocalypse/,false,false,1,false,false,Wierddreams,t5_2utg5,public,r/Wierddreams,Batman-Superman hybrid in the zombie apocalypse alien vampire invasion,https://www.reddit.com/r/Wierddreams/comments/iw96vt/batmansuperman_hybrid_in_the_zombie_apocalypse/,1,false
false,CagliostroPeligroso,,false,false,1600783187,1600783187,self.LucidDreaming,0,0,0,false,false,ixnxdx,true,Experience,false,t3_ixnxdx,false,/r/LucidDreaming/comments/ixnxdx/the_time_mermaids_helped_me_thwart_an_alien/,false,false,9,false,false,LucidDreaming,t5_2r0f4,public,r/LucidDreaming,The time mermaids helped me thwart an alien invasion,https://www.reddit.com/r/LucidDreaming/comments/ixnxdx/the_time_mermaids_helped_me_thwart_an_alien/,9,false
false,tpphypemachine,,false,false,1638787340,1638787340,self.papermario,0,1644895686,0,false,false,ra4gtg,true,Miscellaneous,false,t3_ra4gtg,false,/r/papermario/comments/ra4gtg/i_just_woke_up_from_a_really_weird_paper_mario/,false,false,132,false,false,papermario,t5_2tn1s,public,r/papermario,I just woke up from a really weird Paper Mario dream...,https://www.reddit.com/r/papermario/comments/ra4gtg/i_just_woke_up_from_a_really_weird_paper_mario/,132,false
true,Beliavsky,,false,false,1667403834,1667403834,nypost.com,0,0,0,false,false,yk8mvk,false,,true,t3_yk8mvk,false,/r/Conservative/comments/yk8mvk/illegal_migrants_wave_venezuelan_flag_after/,false,false,65,false,false,Conservative,t5_2qh6p,public,r/Conservative,"Illegal migrants wave Venezuelan flag after entering Texas, attack Border Patrol",https://nypost.com/2022/11/01/illegal-migrants-wave-venezuelan-flag-attack-border-patrol/,65,false
false,Adventurous-Map-9400,,false,false,1668779773,1668779773,self.Sexyspacebabes,0,1668997264,0,false,false,yykogy,true,Story,false,t3_yykogy,false,/r/Sexyspacebabes/comments/yykogy/growing_up_alien_chapter_2/,false,false,291,false,false,Sexyspacebabes,t5_3so9zk,public,r/Sexyspacebabes,Growing Up Alien Chapter 2,https://www.reddit.com/r/Sexyspacebabes/comments/yykogy/growing_up_alien_chapter_2/,291,false
false,Adventurous-Map-9400,,false,false,1692488962,1692488962,self.HFY,0,0,0,false,false,15vvjya,true,OC,false,t3_15vvjya,false,/r/HFY/comments/15vvjya/growing_up_alien_chapter_26/,false,false,87,false,false,HFY,t5_2y95n,public,r/HFY,Growing Up Alien Chapter 26,https://www.reddit.com/r/HFY/comments/15vvjya/growing_up_alien_chapter_26/,87,false
false,SSBSubjugation,,false,false,1647341949,1647341949,self.HFY,0,1677110958,0,false,false,temck8,true,OC,false,t3_temck8,false,/r/HFY/comments/temck8/aliennation_chapter_93_nightingale/,false,false,427,false,false,HFY,t5_2y95n,public,r/HFY,Alien-Nation Chapter 93: Nightingale,https://www.reddit.com/r/HFY/comments/temck8/aliennation_chapter_93_nightingale/,427,false
true,leotolawyer,,false,false,1681747361,1681747361,self.running,0,0,0,false,false,12pmxsm,true,Race Report,false,t3_12pmxsm,false,/r/running/comments/12pmxsm/martian_invasion_of_races_my_first_marathon/,false,false,32,false,false,running,t5_2qlit,public,r/running,Martian Invasion of Races - My First Marathon,https://www.reddit.com/r/running/comments/12pmxsm/martian_invasion_of_races_my_first_marathon/,32,false
false,Adventurous-Map-9400,,false,false,1692488837,1692488837,self.Sexyspacebabes,0,0,0,false,false,15vvi9g,true,Story,false,t3_15vvi9g,false,/r/Sexyspacebabes/comments/15vvi9g/growing_up_alien_chapter_26/,false,false,116,false,false,Sexyspacebabes,t5_3so9zk,public,r/Sexyspacebabes,Growing Up Alien Chapter 26,https://www.reddit.com/r/Sexyspacebabes/comments/15vvi9g/growing_up_alien_chapter_26/,116,false
false,Bernie4Ever,,false,false,1480458119,1480458119,inquisitr.com,0,0,0,false,false,5flpx5,false,,false,t3_5flpx5,false,/r/conspiracy/comments/5flpx5/alien_ufo_invasion_fleet_will_reach_earth_in/,false,false,13,false,false,conspiracy,t5_2qh4r,public,r/conspiracy,"‚ÄòAlien UFO Invasion Fleet Will Reach Earth In September 2017,‚Äô Obama Allegedly Warns Putin After NASA Detected ‚ÄòMiles-Wide‚Äô Armada Of Spaceships That Entered Our Solar System",http://www.inquisitr.com/3656426/alien-ufo-invasion-fleet-will-reach-earth-in-september-2017-obama-warns-putin-after-nasa-detected-miles-wide-armada-of-spaceships-that-entered-our-solar-system-video/,13,false
false,fuckedbymath,,false,false,1605059944,1605059944,self.Nightmares,0,0,0,false,false,jryy1f,true,,false,t3_jryy1f,false,/r/Nightmares/comments/jryy1f/just_woke_in_terror/,false,false,2,false,false,Nightmares,t5_2re5y,public,r/Nightmares,Just woke in terror,https://www.reddit.com/r/Nightmares/comments/jryy1f/just_woke_in_terror/,2,false
false,khalashtar,,false,false,1701572938,1701572938,self.Dreams,0,0,0,false,false,189k3gd,true,Question,false,t3_189k3gd,false,/r/Dreams/comments/189k3gd/dreaming_inside_dreams_inception/,false,false,1,false,false,Dreams,t5_2qmbx,public,r/Dreams,Dreaming inside dreams - inception?,https://www.reddit.com/r/Dreams/comments/189k3gd/dreaming_inside_dreams_inception/,1,false
true,msantz,,false,false,1590882266,1590882266,self.aliens,0,0,0,false,false,gtok4m,true,,false,t3_gtok4m,false,/r/aliens/comments/gtok4m/alien_warning_dream/,false,false,13,false,false,aliens,t5_2qktn,public,r/aliens,Alien warning dream,https://www.reddit.com/r/aliens/comments/gtok4m/alien_warning_dream/,13,false
false,Tarpy7297,,false,false,1680838347,1680838347,self.Experiencers,0,0,0,false,false,12e8bwc,true,Dreams,false,t3_12e8bwc,false,/r/Experiencers/comments/12e8bwc/i_posted_on_high_strangeness_they_suggested_i/,false,false,35,false,false,Experiencers,t5_256buf,public,r/Experiencers,I posted on High Strangeness & they suggested i bring it here.,https://www.reddit.com/r/Experiencers/comments/12e8bwc/i_posted_on_high_strangeness_they_suggested_i/,35,false
false,Adventurous-Map-9400,,false,false,1668997090,1668997090,self.Sexyspacebabes,0,1669397632,0,false,false,z0mo4p,true,Story,false,t3_z0mo4p,false,/r/Sexyspacebabes/comments/z0mo4p/growing_up_alien_chapter_3/,false,false,284,false,false,Sexyspacebabes,t5_3so9zk,public,r/Sexyspacebabes,Growing Up Alien Chapter 3:,https://www.reddit.com/r/Sexyspacebabes/comments/z0mo4p/growing_up_alien_chapter_3/,284,false
false,K-mouse16,,false,false,1687188050,1687188050,self.ostomy,0,0,0,false,false,14dhiq3,true,,false,t3_14dhiq3,false,/r/ostomy/comments/14dhiq3/you_ever_have_ostomy_related_dreams/,false,false,16,false,false,ostomy,t5_2u101,public,r/ostomy,You ever have ostomy related dreams?,https://www.reddit.com/r/ostomy/comments/14dhiq3/you_ever_have_ostomy_related_dreams/,16,false
false,rzldtxpef703,,false,false,1511374660,1511374660,self.Dreams,0,0,0,false,false,7et043,true,,false,t3_7et043,false,/r/Dreams/comments/7et043/alien_invasion_in_the_air/,false,false,1,false,false,Dreams,t5_2qmbx,public,r/Dreams,Alien Invasion in the Air,https://www.reddit.com/r/Dreams/comments/7et043/alien_invasion_in_the_air/,1,false
false,Sir-Planks-Alot,,false,false,1698245680,1698245680,self.inspiredshortstories,0,1698787181,0,false,false,17g6n9r,true,,false,t3_17g6n9r,false,/r/inspiredshortstories/comments/17g6n9r/wp_ten_years_ago_you_were_summoned_to_a_fantasy/,false,false,17,false,false,inspiredshortstories,t5_8gr69y,public,r/inspiredshortstories,"[WP] Ten years ago, you were summoned to a fantasy world and were essentially forced by circumstances into being their hero. Today, you finally returned home only to find that for the past ten years, Earth has been desperately fighting off an alien invasion.",https://www.reddit.com/r/inspiredshortstories/comments/17g6n9r/wp_ten_years_ago_you_were_summoned_to_a_fantasy/,17,false
false,PerpetualHillman,,false,false,1677264182,1677264182,i.redd.it,0,0,0,false,false,11aynin,false,,false,t3_11aynin,false,/r/WojakCompass/comments/11aynin/one_year_ago_today_was_february_24_2022_it_was/,false,false,542,false,false,WojakCompass,t5_2q5rdn,public,r/WojakCompass,"One year ago today was February 24, 2022. It was the Russian invasion of Ukraine. It was the longest day of my life, clocking in at 46 hours. It was the worst day in the lives of many, and the last day of the lives of some others. Here is a 6x6 of my February 24, 2022.",https://i.redd.it/v2fue24vl6ka1.jpg,542,false
true,TheDarkVoid79,,false,false,1649152391,1649152391,self.nosleep,0,1649326900,0,false,false,twraty,true,,false,t3_twraty,false,/r/nosleep/comments/twraty/does_anyone_else_remember_the_invasion/,false,false,210,false,false,nosleep,t5_2rm4d,public,r/nosleep,Does Anyone Else Remember the Invasion?,https://www.reddit.com/r/nosleep/comments/twraty/does_anyone_else_remember_the_invasion/,210,false
false,PerpetualHillman,,false,false,1677264606,1677264606,i.redd.it,0,0,0,false,false,11ayto4,false,,false,t3_11ayto4,false,/r/PoliticalCompassMemes/comments/11ayto4/one_year_ago_today_february_24_2022_was_the/,false,false,483,false,false,PoliticalCompassMemes,t5_3ipa1,public,r/PoliticalCompassMemes,"One year ago today, February 24, 2022, was the Russian invasion of Ukraine. It was the longest day of my life, clocking in at 46 hours. It was the worst day in the lives of many, and the last day of the lives of others. Here is a 6x6 wojak compass of how I spent my February 24, 2022.",https://i.redd.it/qwytvlp7n6ka1.jpg,483,false
false,psyopia,,false,false,1663092944,1663092944,self.Nightmares,0,1663093150,0,false,false,xdedgq,true,,false,t3_xdedgq,false,/r/Nightmares/comments/xdedgq/satellites_invasion_blue_light_from_above/,false,false,2,false,false,Nightmares,t5_2re5y,public,r/Nightmares,"Satellites, invasion, blue light from above",https://www.reddit.com/r/Nightmares/comments/xdedgq/satellites_invasion_blue_light_from_above/,2,false
false,conoversations,,false,false,1636736535,1636736535,self.InvasionAppleTV,0,0,0,false,false,qsfn9k,true,,false,t3_qsfn9k,false,/r/InvasionAppleTV/comments/qsfn9k/invasion_spends_real_time_on_the_most_interesting/,false,false,49,false,false,InvasionAppleTV,t5_4kl5py,public,r/InvasionAppleTV,Invasion Spends Real Time on the Most Interesting Part of any Apocalypse,https://www.reddit.com/r/InvasionAppleTV/comments/qsfn9k/invasion_spends_real_time_on_the_most_interesting/,49,false
false,themeanbeaver,,false,false,1628263039,1628263039,self.conspiracy,0,1628263878,0,false,false,oz8peb,true,,false,t3_oz8peb,false,/r/conspiracy/comments/oz8peb/i_have_a_theory_based_on_a_dream_as_well_is_the_v/,false,false,2,false,false,conspiracy,t5_2qh4r,public,r/conspiracy,I have a theory based on a dream as well. Is the V alien invasion being waged from within us?,https://www.reddit.com/r/conspiracy/comments/oz8peb/i_have_a_theory_based_on_a_dream_as_well_is_the_v/,2,false
false,Iron_Silverfish,,false,false,1705824459,1705824459,i.redd.it,0,0,0,false,false,19byiza,false,üö® somebody call the waambulance üö®,false,t3_19byiza,false,/r/Persecutionfetish/comments/19byiza/fuck_your_feelings_libtoids_wait_they_made_fun_of/,false,false,132,false,false,Persecutionfetish,t5_2h9x5r,public,r/Persecutionfetish,"""Fuck your feelings libtoids. Wait, they made fun of us? That hurts my feelings!""",https://i.redd.it/f8mirmww3rdc1.png,132,false
false,Adventurous-Map-9400,,false,false,1678751225,1678751225,self.Sexyspacebabes,0,1680305257,0,false,false,11qq554,true,Story,false,t3_11qq554,false,/r/Sexyspacebabes/comments/11qq554/growing_up_alien_chapter_16/,false,false,214,false,false,Sexyspacebabes,t5_3so9zk,public,r/Sexyspacebabes,Growing up Alien Chapter 16,https://www.reddit.com/r/Sexyspacebabes/comments/11qq554/growing_up_alien_chapter_16/,214,false
false,JoeWehnert,,false,false,1547073552,1547073552,self.Dreams,0,0,0,false,false,aecbjl,true,Long Dream,false,t3_aecbjl,false,/r/Dreams/comments/aecbjl/new_college_turns_into_an_alien_invasion/,false,false,4,false,false,Dreams,t5_2qmbx,public,r/Dreams,New college turns into an alien invasion,https://www.reddit.com/r/Dreams/comments/aecbjl/new_college_turns_into_an_alien_invasion/,4,false
false,xLP620,,false,false,1695680693,1695680693,self.Dreams,0,0,0,false,false,16s5zvc,true,Question,false,t3_16s5zvc,false,/r/Dreams/comments/16s5zvc/for_those_of_you_who_have_been_shot_by_a_gun/,false,false,2,false,false,Dreams,t5_2qmbx,public,r/Dreams,"For those of you who have been shot by a gun during a dream, how did it feel?",https://www.reddit.com/r/Dreams/comments/16s5zvc/for_those_of_you_who_have_been_shot_by_a_gun/,2,false
false,Ian_a_wilson,,false,false,1439849205,1439849205,self.Dreams,0,0,0,false,false,3hdat5,true,,false,t3_3hdat5,false,/r/Dreams/comments/3hdat5/really_vivid_alien_invasion_dream/,false,false,3,false,false,Dreams,t5_2qmbx,public,r/Dreams,Really vivid Alien Invasion Dream.,https://www.reddit.com/r/Dreams/comments/3hdat5/really_vivid_alien_invasion_dream/,3,false
false,Adventurous-Map-9400,,false,false,1672279682,1672279682,self.Sexyspacebabes,0,1672955967,0,false,false,zxsjs3,true,Story,false,t3_zxsjs3,false,/r/Sexyspacebabes/comments/zxsjs3/growing_up_alien_chapter_9/,false,false,215,false,false,Sexyspacebabes,t5_3so9zk,public,r/Sexyspacebabes,Growing Up Alien Chapter 9,https://www.reddit.com/r/Sexyspacebabes/comments/zxsjs3/growing_up_alien_chapter_9/,215,false
false,DueDelivery,,false,false,1594463563,1594463563,self.tipofmytongue,0,0,0,false,false,hp7vrz,true,Solved,false,t3_hp7vrz,false,/r/tipofmytongue/comments/hp7vrz/tomt_probably_easy_one_sci_fi_movie_about_an/,false,false,3,false,false,tipofmytongue,t5_2r4oc,public,r/tipofmytongue,"[TOMT] (probably easy one) sci fi movie about an alien invasion involving an dormant asteroid, silhouette of the asteroid was on the cover, 90s or early 2000s probably",https://www.reddit.com/r/tipofmytongue/comments/hp7vrz/tomt_probably_easy_one_sci_fi_movie_about_an/,3,false
false,Adventurous-Map-9400,,false,false,1683250790,1683250790,self.Sexyspacebabes,0,1686536021,0,false,false,1386s2x,true,Story,false,t3_1386s2x,false,/r/Sexyspacebabes/comments/1386s2x/growing_up_alien_chapter_19/,false,false,180,false,false,Sexyspacebabes,t5_3so9zk,public,r/Sexyspacebabes,Growing Up Alien Chapter 19:,https://www.reddit.com/r/Sexyspacebabes/comments/1386s2x/growing_up_alien_chapter_19/,180,false
false,Adventurous-Map-9400,,false,false,1668779676,1668779676,self.HFY,0,1668997530,0,false,false,yykn5x,true,OC,false,t3_yykn5x,false,/r/HFY/comments/yykn5x/growing_up_alien_chapter_2/,false,false,161,false,false,HFY,t5_2y95n,public,r/HFY,Growing Up Alien Chapter 2,https://www.reddit.com/r/HFY/comments/yykn5x/growing_up_alien_chapter_2/,161,false
false,PM_ME_UR_ROOM_VIEW,,false,false,1502525208,1502525208,self.Dreams,0,0,0,false,false,6t7b5i,true,,false,t3_6t7b5i,false,/r/Dreams/comments/6t7b5i/i_just_woke_up_from_a_dream_where_there_was_an/,false,false,20,false,false,Dreams,t5_2qmbx,public,r/Dreams,"I just woke up from a dream where there was an alien invasion, and I checked reddit in my dream to find WTF is going on",https://www.reddit.com/r/Dreams/comments/6t7b5i/i_just_woke_up_from_a_dream_where_there_was_an/,20,false
true,omgeve,,false,false,1421043979,1421043979,self.AskReddit,0,0,0,false,false,2s532m,true,,false,t3_2s532m,false,/r/AskReddit/comments/2s532m/tomorrow_you_woke_up_and_aliens_took_over_the/,false,false,12,false,false,AskReddit,t5_2qh1i,public,r/AskReddit,"Tomorrow you woke up and aliens took over the world, what would you do?",https://www.reddit.com/r/AskReddit/comments/2s532m/tomorrow_you_woke_up_and_aliens_took_over_the/,12,false
false,madusa77,,false,false,1445289170,1445289170,self.Dreams,0,0,0,false,false,3pek3s,true,,false,t3_3pek3s,false,/r/Dreams/comments/3pek3s/dream_about_an_alien_invasion/,false,false,1,false,false,Dreams,t5_2qmbx,public,r/Dreams,Dream about an alien invasion.,https://www.reddit.com/r/Dreams/comments/3pek3s/dream_about_an_alien_invasion/,1,false
false,Adventurous-Map-9400,,false,false,1668350838,1668350838,self.HFY,0,1671148354,0,false,false,yu3pez,true,OC,false,t3_yu3pez,false,/r/HFY/comments/yu3pez/growing_up_alien_chapter_1/,false,false,159,false,false,HFY,t5_2y95n,public,r/HFY,Growing Up Alien Chapter 1,https://www.reddit.com/r/HFY/comments/yu3pez/growing_up_alien_chapter_1/,159,false
false,The_malaganch,,false,false,1546148508,1546148508,self.Dreams,0,0,0,false,false,aat8lw,true,,false,t3_aat8lw,false,/r/Dreams/comments/aat8lw/crazy_dream_about_3_months_ago_alien_invasion_and/,false,false,6,false,false,Dreams,t5_2qmbx,public,r/Dreams,Crazy dream - about 3 months ago. Alien invasion and powers,https://www.reddit.com/r/Dreams/comments/aat8lw/crazy_dream_about_3_months_ago_alien_invasion_and/,6,false
false,BlazeReborn,,false,false,1441742182,1441742182,self.Dreams,0,0,0,false,false,3k4v58,true,,false,t3_3k4v58,false,/r/Dreams/comments/3k4v58/i_had_a_nightmare_about_an_alien_invasion/,false,false,3,false,false,Dreams,t5_2qmbx,public,r/Dreams,I had a nightmare about an alien invasion.,https://www.reddit.com/r/Dreams/comments/3k4v58/i_had_a_nightmare_about_an_alien_invasion/,3,false
false,Adventurous-Map-9400,,false,false,1680304916,1680304916,self.Sexyspacebabes,0,1681055063,0,false,false,1283hix,true,Story,false,t3_1283hix,false,/r/Sexyspacebabes/comments/1283hix/growing_up_alien_chapter_17/,false,false,201,false,false,Sexyspacebabes,t5_3so9zk,public,r/Sexyspacebabes,Growing Up Alien Chapter 17,https://www.reddit.com/r/Sexyspacebabes/comments/1283hix/growing_up_alien_chapter_17/,201,false
false,NeedleworkerSad357,,false,false,1708635110,1708635110,self.aliens,0,1708635352,0,false,false,1axhdcs,true,Discussion :table:,false,t3_1axhdcs,false,/r/aliens/comments/1axhdcs/the_reality_of_alien_abductions_part_2/,false,false,0,false,false,aliens,t5_2qktn,public,r/aliens,"The Reality of ""Alien Abductions"" Part 2",https://www.reddit.com/r/aliens/comments/1axhdcs/the_reality_of_alien_abductions_part_2/,0,false
true,Stormy-Oton,,false,false,1627963950,1627963950,self.humansarespaceorcs,0,0,0,false,false,owvmzm,true,writing prompt,false,t3_owvmzm,false,/r/humansarespaceorcs/comments/owvmzm/the_veil_between_life_and_death_on_earth_is_quite/,false,false,293,false,false,humansarespaceorcs,t5_w0jc9,public,r/humansarespaceorcs,"The veil between life and death on Earth is quite thin, Earth creatures have adapted to this disturbingly well. This causes some problems with quite a few alien species.",https://www.reddit.com/r/humansarespaceorcs/comments/owvmzm/the_veil_between_life_and_death_on_earth_is_quite/,293,false
false,Groanola13,,false,false,1635082416,1635082416,i.imgur.com,0,0,0,false,false,qes9gi,false,Discussion,false,t3_qes9gi,false,/r/AppleTVPlus/comments/qes9gi/why_is_no_one_talking_about_invasion_on_this/,false,false,70,false,false,AppleTVPlus,t5_yq8pp,restricted,r/AppleTVPlus,Why is no one talking about Invasion on this subreddit or in that many blogs compared to Foundation?,https://i.imgur.com/dmvbqXl.jpg,70,false
false,HoonDing90,,false,false,1650622367,1650622367,self.techsupport,0,1650637128,0,false,false,u9b7rh,true,Solved,false,t3_u9b7rh,false,/r/techsupport/comments/u9b7rh/repair_shop_installed_a_program_without_asking_me/,false,false,372,false,false,techsupport,t5_2qioo,public,r/techsupport,Repair Shop installed a program without asking me. Wanted to know if I am overreacting.,https://www.reddit.com/r/techsupport/comments/u9b7rh/repair_shop_installed_a_program_without_asking_me/,372,false
false,CreamAggravating3869,,false,false,1701985513,1701985513,self.AskARussian,0,1702086700,0,false,false,18d6ina,true,Work,false,t3_18d6ina,false,/r/AskARussian/comments/18d6ina/working_in_russia_as_an_englishman_right_now_how/,false,false,21,false,false,AskARussian,t5_2xzpo,public,r/AskARussian,"Working in Russia as an Englishman right now. How, should you, options etc.",https://www.reddit.com/r/AskARussian/comments/18d6ina/working_in_russia_as_an_englishman_right_now_how/,21,false
false,lucien_licot,,false,false,1703621516,1703621516,self.sinfest,0,1703622656,0,false,false,18rh1or,true,Question / Discussion,false,t3_18rh1or,true,/r/sinfest/comments/18rh1or/trying_to_write_summaries_for_the_plot_of_modern/,false,false,26,false,false,sinfest,t5_2qntg,public,r/sinfest,Trying to write summaries for the plot of modern Sinfest is an exercise in madness,https://www.reddit.com/r/sinfest/comments/18rh1or/trying_to_write_summaries_for_the_plot_of_modern/,26,false
false,Beepboopvrrr,,false,false,1554537197,1554537197,self.conspiracy,0,0,0,false,false,ba23so,true,,false,t3_ba23so,false,/r/conspiracy/comments/ba23so/aliens_visiting_dreams/,false,false,29,false,false,conspiracy,t5_2qh4r,public,r/conspiracy,Aliens visiting dreams,https://www.reddit.com/r/conspiracy/comments/ba23so/aliens_visiting_dreams/,29,false
false,faradaysnightmare,,false,false,1396714732,1396714732,self.tipofmytongue,0,0,0,false,false,22a1d5,true,,false,t3_22a1d5,false,/r/tipofmytongue/comments/22a1d5/tomt_book_with_alien_invasion/,false,false,3,false,false,tipofmytongue,t5_2r4oc,public,r/tipofmytongue,[TOMT] - Book with alien invasion,https://www.reddit.com/r/tipofmytongue/comments/22a1d5/tomt_book_with_alien_invasion/,3,false
true,EddyandtheBadCheese,,false,false,1557510837,1557510837,youtu.be,0,0,0,false,false,bn1fxp,false,Video,false,t3_bn1fxp,false,/r/Libertarian/comments/bn1fxp/woke_anarchistgothpunk_girl_predicts_to_bernie/,false,false,1,false,false,Libertarian,t5_2qh63,public,r/Libertarian,Woke Anarchist/Goth/Punk girl predicts to Bernie Sanders in 1988 of future attack on USA 13 years before 9/11 over the government's illegal invasions and wars.,https://youtu.be/qt7b4SYpdWw,1,false
false,cum4mepls_thx,,false,false,1669167518,1669167518,self.dirtypenpals,0,0,0,false,false,z2bpkq,true, RP - Ongoing,false,t3_z2bpkq,true,/r/dirtypenpals/comments/z2bpkq/f4f_aliens_are_bad_but_hive_minded_bimbo_aliens/,false,false,3,false,false,dirtypenpals,t5_2sbbv,public,r/dirtypenpals,"[F4F] Aliens Are Bad, But Hive Minded Bimbo Aliens Are Worse. [Aliens] [Corruption] [Hive Mind]",https://www.reddit.com/r/dirtypenpals/comments/z2bpkq/f4f_aliens_are_bad_but_hive_minded_bimbo_aliens/,3,false
false,GhostOfSorabji,,false,false,1689888553,1689888553,self.flatearth,0,0,0,false,false,1553vrx,true,,false,t3_1553vrx,false,/r/flatearth/comments/1553vrx/oh_lordy/,false,false,3,false,false,flatearth,t5_2v2qv,public,r/flatearth,Oh Lordy‚Ä¶,https://www.reddit.com/r/flatearth/comments/1553vrx/oh_lordy/,3,false
false,Alarming_Sorbet_4857,,false,false,1708908233,1708908233,self.Dream,0,0,0,false,false,1b047go,true,,false,t3_1b047go,false,/r/Dream/comments/1b047go/weird_dream/,false,false,2,false,false,Dream,t5_2qoqs,public,r/Dream,Weird dream,https://www.reddit.com/r/Dream/comments/1b047go/weird_dream/,2,false
false,Adventurous-Map-9400,,false,false,1674377805,1674377805,self.Sexyspacebabes,0,1676739397,0,false,false,10ifa5d,true,Story,false,t3_10ifa5d,false,/r/Sexyspacebabes/comments/10ifa5d/growing_up_alien_chapter_12_floofy_childcare_part/,false,false,202,false,false,Sexyspacebabes,t5_3so9zk,public,r/Sexyspacebabes,Growing Up Alien Chapter 12: Floofy childcare part 1,https://www.reddit.com/r/Sexyspacebabes/comments/10ifa5d/growing_up_alien_chapter_12_floofy_childcare_part/,202,false
false,Maezren,,false,false,1358450788,1358450788,self.Dreams,0,0,0,false,false,16rn9e,true,,false,t3_16rn9e,false,/r/Dreams/comments/16rn9e/alien_invasion_solved_by_arena_battles/,false,false,2,false,false,Dreams,t5_2qmbx,public,r/Dreams,Alien invasion solved by arena battles.,https://www.reddit.com/r/Dreams/comments/16rn9e/alien_invasion_solved_by_arena_battles/,2,false
false,Adventurous-Map-9400,,false,false,1668997497,1668997497,self.HFY,0,1671750908,0,false,false,z0mtgg,true,OC,false,t3_z0mtgg,false,/r/HFY/comments/z0mtgg/growing_up_alien_chapter_3/,false,false,152,false,false,HFY,t5_2y95n,public,r/HFY,Growing Up Alien Chapter 3,https://www.reddit.com/r/HFY/comments/z0mtgg/growing_up_alien_chapter_3/,152,false
false,karenvideoeditor,,false,false,1620861577,1620861577,self.storiesbykaren,0,1620875273,0,false,false,nb2egc,true,,false,t3_nb2egc,false,/r/storiesbykaren/comments/nb2egc/invasion/,false,false,33,false,false,storiesbykaren,t5_3r8zf8,public,r/storiesbykaren,Invasion,https://www.reddit.com/r/storiesbykaren/comments/nb2egc/invasion/,33,false
true,DubTeeDub,,false,false,1565276668,1565276668,self.AgainstHateSubreddits,0,0,3,false,false,cnmzfn,true,,true,t3_cnmzfn,false,/r/AgainstHateSubreddits/comments/cnmzfn/the_el_paso_shooter_justified_his_attack_using/,false,false,4036,false,false,AgainstHateSubreddits,t5_38gfm,restricted,r/AgainstHateSubreddits,The El Paso shooter justified his attack using the ‚ÄúGreat Replacement‚Äù conspiracy ‚Äì here are 70 instances over the last month where /r/the_donald promoted the same white nationalist conspiracy,https://www.reddit.com/r/AgainstHateSubreddits/comments/cnmzfn/the_el_paso_shooter_justified_his_attack_using/,4036,false
false,ElZiwoCikeyz,,false,false,1696811690,1696811690,self.japanlife,0,0,0,false,false,173elvi,true,,false,t3_173elvi,false,/r/japanlife/comments/173elvi/meteo_and_alerts_app/,false,false,0,false,false,japanlife,t5_2rg2o,public,r/japanlife,Meteo and alerts app?,https://www.reddit.com/r/japanlife/comments/173elvi/meteo_and_alerts_app/,0,false
false,D3v0W3v0,,false,false,1692368511,1692368511,self.Dreams,0,0,0,false,false,15ulxsu,true,,false,t3_15ulxsu,false,/r/Dreams/comments/15ulxsu/project_blue_beam/,false,false,3,false,false,Dreams,t5_2qmbx,public,r/Dreams,Project Blue Beam,https://www.reddit.com/r/Dreams/comments/15ulxsu/project_blue_beam/,3,false
false,Adventurous-Map-9400,,false,false,1678027490,1678027490,self.Sexyspacebabes,0,1678839745,0,false,false,11iyrji,true,Story,false,t3_11iyrji,false,/r/Sexyspacebabes/comments/11iyrji/growing_up_alien_chapter_15_floofy_childcare_part/,false,false,205,false,false,Sexyspacebabes,t5_3so9zk,public,r/Sexyspacebabes,Growing up Alien Chapter 15: Floofy childcare part 2,https://www.reddit.com/r/Sexyspacebabes/comments/11iyrji/growing_up_alien_chapter_15_floofy_childcare_part/,205,false
false,purplelady25,,false,false,1452813064,1452813064,self.Dreams,0,1452815897,0,false,false,41079d,true,,false,t3_41079d,false,/r/Dreams/comments/41079d/alien_invasion_friend_from_the_past_what/,false,false,3,false,false,Dreams,t5_2qmbx,public,r/Dreams,"Alien invasion, friend from the past. What?",https://www.reddit.com/r/Dreams/comments/41079d/alien_invasion_friend_from_the_past_what/,3,false
false,MfkbNe,,false,false,1628663044,1628663044,self.ExplainAGamePlotBadly,0,1628711010,0,false,false,p27fi1,true,Unsolved,false,t3_p27fi1,false,/r/ExplainAGamePlotBadly/comments/p27fi1/it_seems_like_some_super_soldiers_woke_you_up_so/,false,false,2,false,false,ExplainAGamePlotBadly,t5_ogx0y,public,r/ExplainAGamePlotBadly,"It seems like some super soldiers woke you up, so you kill them, and thousands of their brothers,...",https://www.reddit.com/r/ExplainAGamePlotBadly/comments/p27fi1/it_seems_like_some_super_soldiers_woke_you_up_so/,2,false
false,movie_filesreviews,,false,false,1635524931,1635524931,youtu.be,0,0,0,false,false,qignv1,false,Review,false,t3_qignv1,false,/r/AppleTVPlus/comments/qignv1/invasion_apple_tv_episode_4_review_the_king_is/,false,false,0,false,false,AppleTVPlus,t5_yq8pp,restricted,r/AppleTVPlus,Invasion Apple TV+ Episode 4 Review ‚ÄúThe King Is Dead‚Äù,https://youtu.be/RQrEOCx9uq8,0,false
false,OtherwiseFig0,,false,false,1650938198,1650938198,self.HungerFetish,0,0,0,false,false,uc1jiu,true,Fantasy Story,false,t3_uc1jiu,true,/r/HungerFetish/comments/uc1jiu/invasion/,false,false,26,false,false,HungerFetish,t5_1124sg,public,r/HungerFetish,Invasion,https://www.reddit.com/r/HungerFetish/comments/uc1jiu/invasion/,26,false
false,Quirky-Employer-7293,,false,false,1679340273,1679340273,self.ketamine,0,0,0,false,false,11wsvec,true,,false,t3_11wsvec,true,/r/ketamine/comments/11wsvec/i_k_holed_and_convinced_myself_the_world_was/,false,false,85,false,false,ketamine,t5_2snr6,public,r/ketamine,I k holed and convinced myself the world was ending,https://www.reddit.com/r/ketamine/comments/11wsvec/i_k_holed_and_convinced_myself_the_world_was/,85,false
false,Barra97,,false,false,1552330003,1552330003,self.Dreams,0,0,0,false,false,azx2yq,true,Medium Dream,false,t3_azx2yq,false,/r/Dreams/comments/azx2yq/alien_invasion_for_the_search_of_human_brainpower/,false,false,4,false,false,Dreams,t5_2qmbx,public,r/Dreams,Alien Invasion for the search of human brainpower: the new series on a service near you!,https://www.reddit.com/r/Dreams/comments/azx2yq/alien_invasion_for_the_search_of_human_brainpower/,4,false
true,OrionLord94,,false,false,1681534482,1681534482,self.DirtyKIKRoleplay,0,0,0,false,false,12mqir7,true,Any for Any,false,t3_12mqir7,true,/r/DirtyKIKRoleplay/comments/12mqir7/29_gm4a_playing_m_cyoa_duke_nukem_breeding_fuck/,false,false,0,false,false,DirtyKIKRoleplay,t5_3kem5,public,r/DirtyKIKRoleplay,29 (GM4A playing M) CYOA - Duke Nukem: Breeding Fuck and Run,https://www.reddit.com/r/DirtyKIKRoleplay/comments/12mqir7/29_gm4a_playing_m_cyoa_duke_nukem_breeding_fuck/,0,false
false,kwking13,,false,false,1484918313,1484918313,self.WritingPrompts,0,0,0,false,false,5p3th7,true,Writing Prompt,false,t3_5p3th7,false,/r/WritingPrompts/comments/5p3th7/wp_alien_invasion_and_family_in_safe_room/,false,false,2,false,false,WritingPrompts,t5_2s3nb,public,r/WritingPrompts,[WP] Alien invasion and family in safe room,https://www.reddit.com/r/WritingPrompts/comments/5p3th7/wp_alien_invasion_and_family_in_safe_room/,2,false
false,IcedAndCorrected,,false,false,1649282970,1649282970,self.stupidpol,0,0,0,false,false,txxo1s,true,Ukraine-Russia,false,t3_txxo1s,false,/r/stupidpol/comments/txxo1s/intersectionalism_is_a_neolibneocon_weapon_to/,false,false,18,false,false,stupidpol,t5_hitz3,public,r/stupidpol,Intersectionalism is a neolib/neocon weapon to radicalize the US population against Russians.,https://www.reddit.com/r/stupidpol/comments/txxo1s/intersectionalism_is_a_neolibneocon_weapon_to/,18,false
false,neverdieTRX,,false,false,1704958950,1704958950,self.writing,0,1704959146,0,false,false,193w7as,true,Discussion,false,t3_193w7as,false,/r/writing/comments/193w7as/heroes_journey_start/,false,false,2,false,false,writing,t5_2qh2n,public,r/writing,Heroes Journey Start,https://www.reddit.com/r/writing/comments/193w7as/heroes_journey_start/,2,false
false,Adventurous-Map-9400,,false,false,1678751492,1678751492,self.HFY,0,1680305347,0,false,false,11qq98x,true,OC,false,t3_11qq98x,false,/r/HFY/comments/11qq98x/growing_up_alien_chapter_16/,false,false,98,false,false,HFY,t5_2y95n,public,r/HFY,Growing up Alien Chapter 16,https://www.reddit.com/r/HFY/comments/11qq98x/growing_up_alien_chapter_16/,98,false
false,GrapefruitFizzies,,false,false,1643909244,1643909244,self.Experiencers,0,1643909466,0,false,false,sjowdm,true,Discussion,false,t3_sjowdm,false,/r/Experiencers/comments/sjowdm/dreams_about_aliens_and_ufos_and_their/,false,false,23,false,false,Experiencers,t5_256buf,public,r/Experiencers,Dreams about aliens and UFOs (and their relationship to the phenomenon),https://www.reddit.com/r/Experiencers/comments/sjowdm/dreams_about_aliens_and_ufos_and_their/,23,false
false,Adventurous-Map-9400,,false,false,1683250923,1683250923,self.HFY,0,1685195354,0,false,false,1386tzl,true,OC,false,t3_1386tzl,false,/r/HFY/comments/1386tzl/growing_up_alien_chapter_19/,false,false,88,false,false,HFY,t5_2y95n,public,r/HFY,Growing Up Alien Chapter 19:,https://www.reddit.com/r/HFY/comments/1386tzl/growing_up_alien_chapter_19/,88,false
false,NeedleworkerSad357,,false,false,1688872892,1688872892,self.conspiracy,0,1691175231,0,false,false,14unmph,true,,false,t3_14unmph,false,/r/conspiracy/comments/14unmph/alien_abduction_mind_control_programming_part_2/,false,false,33,false,false,conspiracy,t5_2qh4r,public,r/conspiracy,'Alien Abduction' Mind Control Programming Part 2,https://www.reddit.com/r/conspiracy/comments/14unmph/alien_abduction_mind_control_programming_part_2/,33,false
false,ThoughtfulRider,,false,false,1614119689,1614119689,self.Dreams,0,0,0,false,false,lqv1gd,true,Short Dream,false,t3_lqv1gd,false,/r/Dreams/comments/lqv1gd/i_had_a_dream_that_getting_eaten_by_aliens_isnt/,false,false,19,false,false,Dreams,t5_2qmbx,public,r/Dreams,I had a dream that getting eaten by aliens isn't so bad,https://www.reddit.com/r/Dreams/comments/lqv1gd/i_had_a_dream_that_getting_eaten_by_aliens_isnt/,19,false
false,I_am_Heimdall,,false,false,1648330524,1648330524,self.SaturnStormCube,0,0,0,false,false,tp4pb9,true,,false,t3_tp4pb9,false,/r/SaturnStormCube/comments/tp4pb9/everything_going_on_right_now_in_this_world_can/,false,false,147,false,false,SaturnStormCube,t5_46kulq,restricted,r/SaturnStormCube,Everything going on right now in this world can be linked to two immortal beings. You are currently being conquered by an invading alien race,https://www.reddit.com/r/SaturnStormCube/comments/tp4pb9/everything_going_on_right_now_in_this_world_can/,147,false
false,Adventurous-Map-9400,,false,false,1672280054,1672280054,self.HFY,0,1672955929,0,false,false,zxsoxu,true,OC,false,t3_zxsoxu,false,/r/HFY/comments/zxsoxu/growing_up_alien_chapter_9/,false,false,109,false,false,HFY,t5_2y95n,public,r/HFY,Growing Up Alien Chapter 9,https://www.reddit.com/r/HFY/comments/zxsoxu/growing_up_alien_chapter_9/,109,false
false,trash62,,false,false,1617601705,1617601705,self.conspiracy,0,0,0,false,false,mkdru9,true,,false,t3_mkdru9,false,/r/conspiracy/comments/mkdru9/why_corporations_alienate_their_customers_for/,false,false,10,false,false,conspiracy,t5_2qh4r,public,r/conspiracy,"Why corporations alienate their customers for ""political reasons"".",https://www.reddit.com/r/conspiracy/comments/mkdru9/why_corporations_alienate_their_customers_for/,10,false
false,goldpeaktea314,,false,false,1499790717,1499790717,self.Dreams,0,1499802808,0,false,false,6mnd33,true,,false,t3_6mnd33,false,/r/Dreams/comments/6mnd33/i_just_had_a_very_vivid_alien_invasion_dream_with/,false,false,13,false,false,Dreams,t5_2qmbx,public,r/Dreams,"I just had a very vivid alien invasion dream with a surprising amount of small, subtle details",https://www.reddit.com/r/Dreams/comments/6mnd33/i_just_had_a_very_vivid_alien_invasion_dream_with/,13,false
false,organic-turkey-alien,,false,false,1696886596,1696886596,self.Dreams,0,0,0,false,false,1743fz5,true,Recurring Dream,false,t3_1743fz5,false,/r/Dreams/comments/1743fz5/i_had_to_relive_my_dream_about_89_times_and_beat/,false,false,4,false,false,Dreams,t5_2qmbx,public,r/Dreams,I had to relive my dream about 8-9 times and beat it like a video game,https://www.reddit.com/r/Dreams/comments/1743fz5/i_had_to_relive_my_dream_about_89_times_and_beat/,4,false
false,martanolliver,,false,false,1706556044,1706556044,self.fantasywriters,0,0,0,false,false,1ae3mvs,true,Critique,false,t3_1ae3mvs,false,/r/fantasywriters/comments/1ae3mvs/witches_v_aliens_grimdark_3000_words/,false,false,1,false,false,fantasywriters,t5_2t4ad,public,r/fantasywriters,"Witches v Aliens [Grimdark 3,000 words]",https://www.reddit.com/r/fantasywriters/comments/1ae3mvs/witches_v_aliens_grimdark_3000_words/,1,false
false,Spider__Jerusalem,,false,false,1672856830,1672856830,self.ConspiracyII,0,1672857225,0,false,false,103awlb,true,Discussion,false,t3_103awlb,false,/r/ConspiracyII/comments/103awlb/what_are_your_predictions_for_2023/,false,false,16,false,false,ConspiracyII,t5_3k5q1,public,r/ConspiracyII,What are your predictions for 2023?,https://www.reddit.com/r/ConspiracyII/comments/103awlb/what_are_your_predictions_for_2023/,16,false
false,NeverGonnaStop247,,false,false,1682269998,1682269998,self.conspiracy,0,0,0,false,false,12wilfj,true,,false,t3_12wilfj,false,/r/conspiracy/comments/12wilfj/a_lot_of_weird_things_are_happening/,false,false,0,false,false,conspiracy,t5_2qh4r,public,r/conspiracy,A lot of weird things are happening,https://www.reddit.com/r/conspiracy/comments/12wilfj/a_lot_of_weird_things_are_happening/,0,false
false,Gloom8loom,,false,false,1705764692,1705764692,self.fortwayne,0,0,0,false,false,19be9kl,true,,false,t3_19be9kl,false,/r/fortwayne/comments/19be9kl/loud_boom/,false,false,9,false,false,fortwayne,t5_2s5b5,public,r/fortwayne,Loud boom,https://www.reddit.com/r/fortwayne/comments/19be9kl/loud_boom/,9,false
false,ministryofpropoganda,,false,false,1527651100,1527651100,self.Dreams,0,1527651742,0,false,false,8n5e3i,true,Long Dream,false,t3_8n5e3i,false,/r/Dreams/comments/8n5e3i/alien_invasion_horror_dream_feature_film_directed/,false,false,3,false,false,Dreams,t5_2qmbx,public,r/Dreams,(Alien Invasion) Horror Dream Feature Film Directed By My Drunk Brain w/ Twist Ending,https://www.reddit.com/r/Dreams/comments/8n5e3i/alien_invasion_horror_dream_feature_film_directed/,3,false
false,Tarpy7297,,false,false,1709953274,1709953274,self.aliensinmydreams,0,0,0,false,false,1ba7cjd,true,,false,t3_1ba7cjd,false,/r/aliensinmydreams/comments/1ba7cjd/the_dreams_that_led_to_this_sub/,false,false,8,true,false,aliensinmydreams,t5_87g401,public,r/aliensinmydreams,The dreams that led to this sub.,https://www.reddit.com/r/aliensinmydreams/comments/1ba7cjd/the_dreams_that_led_to_this_sub/,8,false
false,naowuu,,false,false,1691869343,1691869343,self.Dreams,0,0,0,false,false,15pdl11,true,Dream Help,false,t3_15pdl11,false,/r/Dreams/comments/15pdl11/what_does_it_mean_to_hear_emergency_sirens_in/,false,false,3,false,false,Dreams,t5_2qmbx,public,r/Dreams,What does it mean to hear emergency sirens in your dream??? üò≠üò≠,https://www.reddit.com/r/Dreams/comments/15pdl11/what_does_it_mean_to_hear_emergency_sirens_in/,3,false
false,According-Value-6227,,false,false,1701278611,1701278611,self.FanficWorldbuilding,0,1701289046,0,false,false,186utk6,true,Multiple Properties|Rewritten Lore,false,t3_186utk6,false,/r/FanficWorldbuilding/comments/186utk6/project_vigilant_aliens_galactic_geopolitics_and/,false,false,6,false,false,FanficWorldbuilding,t5_5nxjhj,public,r/FanficWorldbuilding,"Project Vigilant: Aliens, Galactic Geopolitics and history.",https://www.reddit.com/r/FanficWorldbuilding/comments/186utk6/project_vigilant_aliens_galactic_geopolitics_and/,6,false
false,Adventurous-Map-9400,,false,false,1674378010,1674378010,self.HFY,0,1678153112,0,false,false,10ifbvu,true,OC,false,t3_10ifbvu,false,/r/HFY/comments/10ifbvu/growing_up_alien_chapter_12_floofy_childcare_part/,false,false,102,false,false,HFY,t5_2y95n,public,r/HFY,Growing Up Alien Chapter 12: Floofy childcare part 1,https://www.reddit.com/r/HFY/comments/10ifbvu/growing_up_alien_chapter_12_floofy_childcare_part/,102,false
false,dasnex55,,false,false,1474439899,1474439899,self.whatsthatbook,0,0,0,false,false,53rwr0,true,,false,t3_53rwr0,false,/r/whatsthatbook/comments/53rwr0/scifi_book_with_female_protagonist_that_was/,false,false,3,false,false,whatsthatbook,t5_2w9c6,public,r/whatsthatbook,Sci-fi book with female protagonist (that was frozen for a while) about alien invasion,https://www.reddit.com/r/whatsthatbook/comments/53rwr0/scifi_book_with_female_protagonist_that_was/,3,false
false,OtherwiseFig0,,false,false,1670629136,1670629136,self.HungerFetish,0,1670629421,0,false,false,zhcli6,true,Fantasy Story,false,t3_zhcli6,true,/r/HungerFetish/comments/zhcli6/invasion_part_ll/,false,false,18,false,false,HungerFetish,t5_1124sg,public,r/HungerFetish,Invasion (Part ll),https://www.reddit.com/r/HungerFetish/comments/zhcli6/invasion_part_ll/,18,false
false,Heretoshitcomment,,false,false,1655633652,1655633652,self.Dreams,0,0,0,false,false,vfs2kb,true,,false,t3_vfs2kb,false,/r/Dreams/comments/vfs2kb/i_dreamed_i_was_an_alien_hiding_among_humans/,false,false,9,false,false,Dreams,t5_2qmbx,public,r/Dreams,I dreamed I was an alien hiding among humans.,https://www.reddit.com/r/Dreams/comments/vfs2kb/i_dreamed_i_was_an_alien_hiding_among_humans/,9,false
false,tredd262,,false,false,1624936328,1624936328,self.UFOs,0,1624936541,0,false,false,o9zszf,true,Discussion,false,t3_o9zszf,false,/r/UFOs/comments/o9zszf/20162017_turkey_ugo_invasion_coverup/,false,false,11,false,false,UFOs,t5_2qhds,public,r/UFOs,2016-2017 Turkey ‚ÄúUGO Invasion‚Äù Coverup,https://www.reddit.com/r/UFOs/comments/o9zszf/20162017_turkey_ugo_invasion_coverup/,11,false
false,yashoza,,false,false,1591502952,1591502952,self.DreamInterpretation,0,0,0,false,false,gy5mbj,true,Nightmare,false,t3_gy5mbj,false,/r/DreamInterpretation/comments/gy5mbj/observing_a_parasitic_planet_can_spark_an_invasion/,false,false,17,false,false,DreamInterpretation,t5_2s04x,public,r/DreamInterpretation,Observing a Parasitic Planet can spark an invasion,https://www.reddit.com/r/DreamInterpretation/comments/gy5mbj/observing_a_parasitic_planet_can_spark_an_invasion/,17,false
false,Novamarauder,,false,false,1691925885,1691925885,self.worldbuilding,0,1691936748,0,false,false,15pwed2,true,Lore,false,t3_15pwed2,false,/r/worldbuilding/comments/15pwed2/wwii_gets_fought_and_settled_by_superhuman/,false,false,0,false,false,worldbuilding,t5_2rd6n,public,r/worldbuilding,WWII gets fought and settled by superhuman champions,https://www.reddit.com/r/worldbuilding/comments/15pwed2/wwii_gets_fought_and_settled_by_superhuman/,0,false
true,Elegant_Patience5685,,false,false,1609897658,1609897658,self.conspiracytheories,0,0,0,false,false,krdf2g,true,UFO,false,t3_krdf2g,false,/r/conspiracytheories/comments/krdf2g/the_aliens_will_invade_soon_and_it_is_an_inside/,false,false,1,false,false,conspiracytheories,t5_2t3lf,public,r/conspiracytheories,The aliens will invade soon and it is an inside job.,https://www.reddit.com/r/conspiracytheories/comments/krdf2g/the_aliens_will_invade_soon_and_it_is_an_inside/,1,false
true,BelgianProblem,,false,false,1645979737,1645979737,self.nosleep,0,0,0,false,false,t2rz9m,true,Series,false,t3_t2rz9m,false,/r/nosleep/comments/t2rz9m/i_woke_up_and_im_completely_alone_or_at_least_i/,false,false,32,false,false,nosleep,t5_2rm4d,public,r/nosleep,"I woke up and I'm completely alone, or at least I think I am... [Part 1]",https://www.reddit.com/r/nosleep/comments/t2rz9m/i_woke_up_and_im_completely_alone_or_at_least_i/,32,false
false,Adventurous-Map-9400,,false,false,1680305026,1680305026,self.HFY,0,1681055180,0,false,false,1283jej,true,OC,false,t3_1283jej,false,/r/HFY/comments/1283jej/growing_up_alien_chapter_17/,false,false,95,false,false,HFY,t5_2y95n,public,r/HFY,Growing Up Alien Chapter 17,https://www.reddit.com/r/HFY/comments/1283jej/growing_up_alien_chapter_17/,95,false
true,HumanReincarnator,,false,false,1668409454,1668409454,self.AskReddit,0,0,0,false,false,yurlez,true,,false,t3_yurlez,false,/r/AskReddit/comments/yurlez/people_who_have_had_dreams_of_ufo_invasions_where/,false,false,2,false,false,AskReddit,t5_2qh1i,public,r/AskReddit,"People who have had dreams of UFO ""invasions"" where the sky filled up with crafts, what happened next?",https://www.reddit.com/r/AskReddit/comments/yurlez/people_who_have_had_dreams_of_ufo_invasions_where/,2,false
true,Saberian_Dream87,,false,false,1657941431,1657941431,self.saltierthankrayt,0,0,0,false,false,w06qjz,true,Satire,false,t3_w06qjz,false,/r/saltierthankrayt/comments/w06qjz/lets_play_the_how_tfm_would_react_if_it_came_out/,false,false,30,false,false,saltierthankrayt,t5_syz7q,public,r/saltierthankrayt,"Let's play the ""how TFM would react if it came out today"" game...",https://www.reddit.com/r/saltierthankrayt/comments/w06qjz/lets_play_the_how_tfm_would_react_if_it_came_out/,30,false
true,chalk_phallus,,false,false,1646401648,1646401648,self.ukraine,0,0,0,false,false,t6jbst,true,,false,t3_t6jbst,false,/r/ukraine/comments/t6jbst/theory_why_putins_invasion_is_failing_and_how_we/,false,false,107,false,false,ukraine,t5_2qqcn,public,r/ukraine,THEORY - WHY PUTIN‚ÄôS INVASION IS FAILING AND HOW WE CAN END IT,https://www.reddit.com/r/ukraine/comments/t6jbst/theory_why_putins_invasion_is_failing_and_how_we/,107,false
false,rrssh,,false,false,1395331785,1395331785,self.tipofmytongue,0,0,0,false,false,20wv7a,true,Solved,false,t3_20wv7a,false,/r/tipofmytongue/comments/20wv7a/tomta_sci_fi_short_story_about_the_last_human/,false,false,6,false,false,tipofmytongue,t5_2r4oc,public,r/tipofmytongue,[TOMT]A sci fi short story about the last human stopping an alien invasion by teleporting to their ship,https://www.reddit.com/r/tipofmytongue/comments/20wv7a/tomta_sci_fi_short_story_about_the_last_human/,6,false
false,cheeseguy3412,,false,false,1601301647,1601301647,self.WritingPrompts,0,0,0,false,false,j1cirl,true,Writing Prompt,false,t3_j1cirl,false,/r/WritingPrompts/comments/j1cirl/wp_you_woke_up_this_morning_to_the_sound_of_a_sea/,false,false,34,false,false,WritingPrompts,t5_2s3nb,public,r/WritingPrompts,"[WP] You woke up this morning to the sound of a sea monster grappling with an alien invasion fleet. After the previous week of a Zombie horde being fought off by a pack of ravenous werewolves during a hurricane, its not really a surprise. At this point, its just another day of the year.",https://www.reddit.com/r/WritingPrompts/comments/j1cirl/wp_you_woke_up_this_morning_to_the_sound_of_a_sea/,34,false
true,SubstantialBite788,,false,false,1685482768,1685482768,self.nosleep,0,1685490881,0,false,false,13w2yyj,true,,false,t3_13w2yyj,false,/r/nosleep/comments/13w2yyj/i_woke_up_with_someone_elses_hand/,false,false,29,false,false,nosleep,t5_2rm4d,public,r/nosleep,I Woke Up With Someone Else‚Äôs Hand,https://www.reddit.com/r/nosleep/comments/13w2yyj/i_woke_up_with_someone_elses_hand/,29,false